RB,Modeli,Naziv,Sifra,opis sadrzaj,VRSTA,GRUPA,Vezani artikli sifra
558,ARES,ARES M 120X200 baza + uzglavlje /,1377,KREVET,Gotov proizvod,Metalni,1527
1544,ARES,ARES M 120X200 madrac/,1527,MADRAC,Gotov proizvod,Metalni,1377
456,ARES,ARES M 140X200 baza + uzglavlje /,1195,KREVET,Gotov proizvod,Metalni,1196
457,ARES,ARES M 140X200 madrac /,1196,MADRAC,Gotov proizvod,Metalni,1195
420,ARES,ARES M 160X200 baza,1153,BAZA,Gotov proizvod,Metalni,
393,ARES,ARES M 160X200 BAZA + UZGLAVLJE,1113,KREVET,Gotov proizvod,Metalni,
142,ARES,ARES M 160X200 baza + uzglavlje /,637,KREVET,Gotov proizvod,Metalni,1095
375,ARES,ARES M 160X200 LIJEVA BAZA /,1095,BAZA,Gotov proizvod,Metalni,637
485,ARES,ARES M 160X200 LIJEVA+DESNA BAZA /unijeti cijenu,1241,BAZA,Gotov proizvod,Metalni,1114
394,ARES,ARES M 160X200 MADRAC,1114,MADRAC,Gotov proizvod,Metalni,1241
143,ARES,ARES M 160X200 madrac /,638,MADRAC,Gotov proizvod,Metalni,
421,ARES,ARES M 160X200 UZGLAVLJE,1154,UZGLAVLJE,Gotov proizvod,Metalni,
477,ARES,ARES M 160X200 uzglavlje,1227,UZGLAVLJE,Gotov proizvod,Metalni,
395,ARES,ARES M 180X200 BAZA + UZGLAVLJE,1115,KREVET,Gotov proizvod,Metalni,1116
144,ARES,ARES M 180X200 baza + uzglavlje /,639,KREVET,Gotov proizvod,Metalni,640
396,ARES,ARES M 180X200 MADRAC,1116,MADRAC,Gotov proizvod,Metalni,1115
145,ARES,ARES M 180X200 madrac /,640,MADRAC,Gotov proizvod,Metalni,639
1545,ARES,ARES M 200x200 baza + uzglavlje,1561,KREVET,Gotov proizvod,Metalni,1562
1546,ARES,ARES M 200X200 madrac,1562,MADRAC,Gotov proizvod,Metalni,1561
321,ARES,ARES M 90X200 baza + uzglavlje /,1000,KREVET,Gotov proizvod,Metalni,1001
322,ARES,ARES M 90X200 madrac /,1001,MADRAC,Gotov proizvod,Metalni,1000
135,ATOS,ATOS D 160X200 krevet + madrac+latice,588,KREVET+MADRAC,Gotov proizvod,Metalni,
591,BARCELONA,BARCELONA M 120X200 baza + uzglavlje/,1421,KREVET,Gotov proizvod,Metalni,
587,BARCELONA,BARCELONA M 160X200 baza + uzglavlje,1417,KREVET,Gotov proizvod,Metalni,1418
560,BARCELONA,BARCELONA M 160X200 baza + uzglavlje UNIJETI CIJENU,1383,KREVET,Gotov proizvod,Metalni,
495,BARCELONA,BARCELONA M 160X200 krevet + madrac UNIJETI CIJENU,1253,KREVET+MADRAC,Gotov proizvod,Metalni,
588,BARCELONA,BARCELONA M 160X200 madrac,1418,MADRAC,Gotov proizvod,Metalni,1417
589,BARCELONA,BARCELONA M 180X200 baza + uzglavlje,1419,KREVET,Gotov proizvod,Metalni,1420
561,BARCELONA,BARCELONA M 180X200 krevet + madrac UNIJETI CIJENU,1384,KREVET+MADRAC,Gotov proizvod,Metalni,
590,BARCELONA,BARCELONA M 180X200 madrac,1420,MADRAC,Gotov proizvod,Metalni,1419
535,BARCELONA,BARCELONA M 90X200 krevet + madrac UNIJETI CIJENU,1351,KREVET+MADRAC,Gotov proizvod,Metalni,
1547,BARCELONA,BARCELONA M 90X200 madrac ,1560,MADRAC,Gotov proizvod,Metalni,
449,BAREL,BAREL M 100X200 baza + uzglavlje /,1188,KREVET,Gotov proizvod,Metalni,1189
450,BAREL,BAREL M 100X200 madrac /,1189,MADRAC,Gotov proizvod,Metalni,1188
413,BAREL,BAREL M 120X200 baza + uzglavlje /,1137,KREVET,Gotov proizvod,Metalni,1138
414,BAREL,BAREL M 120X200 madrac /,1138,MADRAC,Gotov proizvod,Metalni,1137
306,BAREL,BAREL M 140X200 baza + uzglavlje /,966,KREVET,Gotov proizvod,Metalni,967
307,BAREL,BAREL M 140x200 madrac /,967,MADRAC,Gotov proizvod,Metalni,966
422,BAREL,BAREL M 160X200 baza,1155,BAZA,Gotov proizvod,Metalni,
146,BAREL,BAREL M 160X200 baza + uzglavlje /,641,KREVET,Gotov proizvod,Metalni,642
147,BAREL,BAREL M 160X200 madrac /,642,MADRAC,Gotov proizvod,Metalni,641
446,BAREL,BAREL M 160X200 uzglavlje,1184,UZGLAVLJE,Gotov proizvod,Metalni,
391,BAREL,BAREL M 180X200 BAZA + UZGLAVLJE,1111,KREVET,Gotov proizvod,Metalni,1112
148,BAREL,BAREL M 180X200 baza + uzglavlje /,643,KREVET,Gotov proizvod,Metalni,644
392,BAREL,BAREL M 180X200 MADRAC,1112,MADRAC,Gotov proizvod,Metalni,1111
149,BAREL,BAREL M 180X200 madrac /,644,MADRAC,Gotov proizvod,Metalni,643
272,BAREL,BAREL M 90X200 baza + uzglavlje /,852,KREVET,Gotov proizvod,Metalni,853
273,BAREL,BAREL M 90X200 madrac /,853,MADRAC,Gotov proizvod,Metalni,852
538,BARI,BARI M 160X200 baza + uzglavlje /,1354,KREVET,Gotov proizvod,Metalni,1355
527,BARI,BARI M 160X200 krevet + madrac UNIJETI CIJENU,1330,KREVET+MADRAC,Gotov proizvod,Metalni,
539,BARI,BARI M 160X200 madrac /,1355,MADRAC,Gotov proizvod,Metalni,1354
563,BARI,BARI M 180X200 baza + uzglavlje /,1387,KREVET,Gotov proizvod,Metalni,1385
562,BARI,BARI M 180X200 madrac /,1385,MADRAC,Gotov proizvod,Metalni,1387
606,BARON,BARON M 160X200 krevet + madrac,1448,KREVET+MADRAC,Gotov proizvod,Metalni,
1559,BUBBLE,BUBBLE M 140X190 BAZA + UZGLAVLJE,1579,baza + uzglavlje,Gotov proizvod,Metalni,
554,BUBBLE,BUBBLE M 140X200 BAZA + UZGLAVLJE,1372,KREVET,Gotov proizvod,Metalni,
407,BUBBLE,BUBBLE M 160X200 baza + uzglavlje,1127,KREVET,Gotov proizvod,Metalni,1128
479,BUBBLE,BUBBLE M 160X200 BAZA + UZGLAVLJE,1233,KREVET,Gotov proizvod,Metalni,
408,BUBBLE,BUBBLE M 160X200 madrac ,1128,MADRAC,Gotov proizvod,Metalni,1127
645,BUBBLE,BUBBLE M 180X200 baza + uzglavlje,1501,baza + uzglavlje,Gotov proizvod,Metalni,
651,BUBBLE,BUBBLE M 200X200 baza + uzglavlje,1509,baza + uzglavlje,Gotov proizvod,Metalni,
512,CARIBI,CARIBI M 120X200 baza + uzglavlje UNIJETI CIJENU,1307,KREVET,Gotov proizvod,Metalni,1308
513,CARIBI,CARIBI M 120X200 madrac UNIJETI CIJENU,1308,MADRAC,Gotov proizvod,Metalni,1307
302,CARIBI,CARIBI M 140X200 baza + uzglavlje /,962,KREVET,Gotov proizvod,Metalni,963
303,CARIBI,CARIBI M 140X200 madrac /,963,MADRAC,Gotov proizvod,Metalni,962
150,CARIBI,CARIBI M 160X200 baza  + uzglavlje /,645,KREVET,Gotov proizvod,Metalni,646
151,CARIBI,CARIBI M 160X200 madrac /,646,MADRAC,Gotov proizvod,Metalni,645
152,CARIBI,CARIBI M 180X200 baza + uzglavlje /,647,KREVET,Gotov proizvod,Metalni,648
153,CARIBI,CARIBI M 180X200 madrac /,648,MADRAC,Gotov proizvod,Metalni,647
369,CARIBI,CARIBI M 200X200 baza + uzglavlje /,1056,KREVET,Gotov proizvod,Metalni,1057
370,CARIBI,CARIBI M 200X200 madrac /,1057,MADRAC,Gotov proizvod,Metalni,1056
304,CARIBI,CARIBI M 90X200 baza + uzglavlje /,964,KREVET,Gotov proizvod,Metalni,965
305,CARIBI,CARIBI M 90X200 madrac /,965,MADRAC,Gotov proizvod,Metalni,964
257,CARMEN,CARMEN M 120X200 K+M,786,KREVET+MADRAC,Gotov proizvod,Metalni,
203,CARMEN,CARMEN M 140X200 baza + uzglavlje,712,KREVET,Gotov proizvod,Metalni,713
204,CARMEN,CARMEN M 140X200 madrac,713,MADRAC,Gotov proizvod,Metalni,712
428,CARMEN,CARMEN M 160X200 baza,1166,BAZA,Gotov proizvod,Metalni,
199,CARMEN,CARMEN M 160X200 baza + uzglavlje,708,KREVET,Gotov proizvod,Metalni,709
401,CARMEN,CARMEN M 160X200 baza + uzglavlje - TODAY 13,1121,KREVET,Gotov proizvod,Metalni,1122
262,CARMEN,CARMEN M 160X200 krevet + madrac,829,KREVET+MADRAC,Gotov proizvod,Metalni,
244,CARMEN,CARMEN M 160X200 krevet + madrac /,769,KREVET+MADRAC,Gotov proizvod,Metalni,
200,CARMEN,CARMEN M 160X200 madrac,709,MADRAC,Gotov proizvod,Metalni,708
402,CARMEN,CARMEN M 160X200 madrac - TODAY 13,1122,MADRAC,Gotov proizvod,Metalni,1121
201,CARMEN,CARMEN M 180X200 baza + uzglavlje,710,KREVET,Gotov proizvod,Metalni,711
256,CARMEN,CARMEN M 180X200 K+M,785,KREVET+MADRAC,Gotov proizvod,Metalni,
261,CARMEN,CARMEN M 180X200 krevet + madrac /,815,KREVET+MADRAC,Gotov proizvod,Metalni,
202,CARMEN,CARMEN M 180X200 madrac,711,MADRAC,Gotov proizvod,Metalni,710
260,CARMEN,CARMEN M 180X200 MADRAC,808,MADRAC,Gotov proizvod,Metalni,
205,CARMEN,CARMEN M 90X200 baza + uzglavlje,714,KREVET,Gotov proizvod,Metalni,715
206,CARMEN,CARMEN M 90X200 madrac,715,MADRAC,Gotov proizvod,Metalni,714
415,CLOUD,CLOUD M 120X200 baza + uzglavlje /,1139,KREVET,Gotov proizvod,Metalni,1140
416,CLOUD,CLOUD M 120X200 madrac /,1140,MADRAC,Gotov proizvod,Metalni,1139
411,CLOUD,CLOUD M 140X200 baza  + uzglavlje /,1135,KREVET,Gotov proizvod,Metalni,1136
412,CLOUD,CLOUD M 140X200 madrac /,1136,MADRAC,Gotov proizvod,Metalni,1135
138,CLOUD,CLOUD M 160X200 baza + uzglavlje /,633,KREVET,Gotov proizvod,Metalni,634
130,CLOUD,CLOUD M 160X200 krevet + madrac,583,KREVET+MADRAC,Gotov proizvod,Metalni,
139,CLOUD,CLOUD M 160X200 madrac /,634,MADRAC,Gotov proizvod,Metalni,633
429,CLOUD,CLOUD M 160X200 uzglavlje,1167,UZGLAVLJE,Gotov proizvod,Metalni,
430,CLOUD,CLOUD M 180X200 baza,1168,BAZA,Gotov proizvod,Metalni,
389,CLOUD,CLOUD M 180X200 BAZA + UZGLAVLJE,1109,KREVET,Gotov proizvod,Metalni,1110
140,CLOUD,CLOUD M 180X200 baza + uzglavlje /,635,KREVET,Gotov proizvod,Metalni,636
390,CLOUD,CLOUD M 180X200 MADRAC,1110,MADRAC,Gotov proizvod,Metalni,1109
141,CLOUD,CLOUD M 180X200 madrac /,636,MADRAC,Gotov proizvod,Metalni,635
451,CLOUD,CLOUD M 200X200 baza + uzglavlje /,1190,KREVET,Gotov proizvod,Metalni,1191
452,CLOUD,CLOUD M 200X200 madrac /,1191,MADRAC,Gotov proizvod,Metalni,1190
461,CLOUD,CLOUD M 90X200 baza + uzglavlje /,1209,KREVET,Gotov proizvod,Metalni,1210
462,CLOUD,CLOUD M 90X200 madrac /,1210,MADRAC,Gotov proizvod,Metalni,1209
453,DREAM,DREAM M 160X200 baza + uzglavlje,1192,KREVET,Gotov proizvod,Metalni,
480,DREAM,DREAM M 160X200 BAZA + UZGLAVLJE,1234,KREVET,Gotov proizvod,Metalni,
607,DOT,DOT D 160X200 krevet + madrac,1449,KREVET+MADRAC,Gotov proizvod,Metalni,
621,DOT,DOT M 180X200 krevet + madrac,1468,KREVET+MADRAC,Gotov proizvod,Metalni,
644,DREAM,DREAM M 200X200 baza + uzglavlje,1498,baza + uzglavlje,Gotov proizvod,Metalni,
240,EVA,EVA M 160X200  krevet + madrac /,765,KREVET+MADRAC,Gotov proizvod,Metalni,
403,EVA,EVA M 160X200 baza + uzglavlje,1123,KREVET,Gotov proizvod,Metalni,1129
264,EVA,EVA M 160X200 K+M,831,KREVET+MADRAC,Gotov proizvod,Metalni,
409,EVA,EVA M 160X200 madrac,1129,MADRAC,Gotov proizvod,Metalni,1123
241,EVA,EVA M 180X200 krevet + madrac /,766,KREVET+MADRAC,Gotov proizvod,Metalni,
602,EVA,EVA M 90X200 K+M,1442,KREVET+MADRAC,Gotov proizvod,Metalni,
553,GOLD,GOLD M 160X200 baza + uzglavlje,1371,KREVET,Gotov proizvod,Metalni,
265,GOLD,GOLD M 160X200 K+M,832,KREVET+MADRAC,Gotov proizvod,Metalni,
245,GOLD,GOLD M 160X200 krevet + madrac /,771,KREVET+MADRAC,Gotov proizvod,Metalni,
433,GOLD,GOLD M 160X200 madrac,1171,MADRAC,Gotov proizvod,Metalni,
508,GOLD,GOLD M 160X200 madrac,1301,MADRAC,Gotov proizvod,Metalni,1300
434,GOLD,GOLD M 180X200 baza + uzglavlje,1172,KREVET,Gotov proizvod,Metalni,1173
246,GOLD,GOLD M 180X200 krevet + madrac /,772,KREVET+MADRAC,Gotov proizvod,Metalni,
435,GOLD,GOLD M 180X200 madrac,1173,MADRAC,Gotov proizvod,Metalni,1172
466,GOLD,GOLD M 180X200 MADRAC,1216,MADRAC,Gotov proizvod,Metalni,1215
436,HELENA,HELENA M 160X200 baza + uzglavlje,1174,KREVET,Gotov proizvod,Metalni,1453
460,HELENA,HELENA M 160X200 krevet + madrac,1199,KREVET+MADRAC,Gotov proizvod,Metalni,
611,HELENA,HELENA M 160X200 madrac,1453,MADRAC,Gotov proizvod,Metalni,1174
566,HELENA,HELENA M 160X90 krevet,1391,KREVET,Gotov proizvod,Metalni,
437,HELENA,HELENA M 180X200 baza + uzglavlje,1175,KREVET,Gotov proizvod,Metalni,1516
483,HELENA,HELENA M 180X200 krevet + madrac,1237,KREVET+MADRAC,Gotov proizvod,Metalni,
654,HELENA,HELENA M 180X200 madrac,1516,MADRAC,Gotov proizvod,Metalni,1175
604,HELENA,HELENA M 90X200 krevet + madrac /,1444,KREVET+MADRAC,Gotov proizvod,Metalni,
493,HELENA,HELENA M 90X200 krevet+madrac unijeti cijenu,1250,KREVET+MADRAC,Gotov proizvod,Metalni,
568,HYIPNOZE,HYIPNOZE D 140X200 krevet + madrac NOVO,1393,KREVET+MADRAC,Gotov proizvod,Metalni,
522,HYIPNOZE,HYIPNOZE D 160X200 krevet + madrac NOVO,1321,KREVET+MADRAC,Gotov proizvod,Metalni,
567,HYIPNOZE,HYIPNOZE D 180X200 krevet + madrac NOVO,1392,KREVET+MADRAC,Gotov proizvod,Metalni,
642,HYIPNOZE,HYPNOSE M 140X200 madrac,1496,MADRAC,Gotov proizvod,Metalni,
641,HYIPNOZE,HYPNOSE M 160X200 madrac,1495,MADRAC,Gotov proizvod,Metalni,
643,HYIPNOZE,HYPNOSE M 180X200 madrac,1497,MADRAC,Gotov proizvod,Metalni,
569,KING,KING D 140X200 krevet + madrac,1394,KREVET+MADRAC,Gotov proizvod,Metalni,
570,KING,KING D 160X200 krevet + madrac,1395,KREVET+MADRAC,Gotov proizvod,Metalni,
577,LINE,LINE D 160X200 krevet,1404,KREVET,Gotov proizvod,Metalni,
649,LUNA,LUNA M 140X190 baza + uzglavlje,1507,baza + uzglavlje,Gotov proizvod,Metalni,
231,LUNA,LUNA M 140X200 baza + uzglavlje,740,KREVET,Gotov proizvod,Metalni,741
232,LUNA,LUNA M 140X200 madrac,741,MADRAC,Gotov proizvod,Metalni,740
227,LUNA,LUNA M 160X200 baza + uzglavlje,736,KREVET,Gotov proizvod,Metalni,737
378,LUNA,LUNA M 160X200 BAZA + UZGLAVLJE,1098,KREVET,Gotov proizvod,Metalni,
397,LUNA,LUNA M 160X200 baza + uzglavlje - MISTERIO 80,1117,KREVET,Gotov proizvod,Metalni,1118
263,LUNA,LUNA M 160X200 K+M,830,KREVET+MADRAC,Gotov proizvod,Metalni,
228,LUNA,LUNA M 160X200 madrac,737,MADRAC,Gotov proizvod,Metalni,736
398,LUNA,LUNA M 160X200 madrac - MISTERIO 80,1118,MADRAC,Gotov proizvod,Metalni,1117
229,LUNA,LUNA M 180X200 baza + uzglavlje,738,KREVET,Gotov proizvod,Metalni,739
383,LUNA,LUNA M 180X200 BAZA + UZGLAVLJE,1103,KREVET,Gotov proizvod,Metalni,
230,LUNA,LUNA M 180X200 madrac,739,MADRAC,Gotov proizvod,Metalni,738
233,LUNA,LUNA M 90X200 baza + uzglavlje,742,KREVET,Gotov proizvod,Metalni,743
234,LUNA,LUNA M 90X200 madrac,743,MADRAC,Gotov proizvod,Metalni,742
581,LUXURY,LUXURY M 160X200 madrac,1410,MADRAC,Gotov proizvod,Metalni,1400
465,LUXURY,LUXURY M 180X200 baza + uzglavlje,1215,KREVET,Gotov proizvod,Metalni,1216
132,MEGAN,MEGAN M 160X200 krevet + madrac,585,KREVET+MADRAC,Gotov proizvod,Metalni,
454,MILANO,MILANO M 160X200 baza + uzglavlje,1193,KREVET,Gotov proizvod,Metalni,1194
481,MILANO,MILANO M 160X200 baza + uzglavlje,1235,KREVET,Gotov proizvod,Metalni,
482,MILANO,MILANO M 160X200 krevet + madrac,1236,KREVET+MADRAC,Gotov proizvod,Metalni,
546,MILANO,MILANO M 160X200 madrac,1364,MADRAC,Gotov proizvod,Metalni,
532,MILANO,MILANO M 180X200 baza + uzglavlje,1346,KREVET,Gotov proizvod,Metalni,1347
586,MILANO,MILANO M 180X200 baza + uzglavlje,1415,KREVET,Gotov proizvod,Metalni,
531,MILANO,MILANO M 180X200 krevet+madrac,1342,KREVET+MADRAC,Gotov proizvod,Metalni,
533,MILANO,MILANO M 180X200 madrac,1347,MADRAC,Gotov proizvod,Metalni,1346
556,MILANO,MILANO M 180X200 madrac,1374,MADRAC,Gotov proizvod,Metalni,
652,MILANO,MILANO M 200X200 baza + uzglavlje,1514,baza + uzglavlje,Gotov proizvod,Metalni,1515
653,MILANO,MILANO M 200X200 madrac,1515,MADRAC,Gotov proizvod,Metalni,1514
610,MISTERIO,MISTERIO D 160X200 krevet + madrac,1452,KREVET+MADRAC,Gotov proizvod,Metalni,
622,MISTERIO,MISTERIO M 180X200 krevet + madrac,1469,KREVET+MADRAC,Gotov proizvod,Metalni,
131,MOLY,MOLY M 160X200 krevet + madrac,584,KREVET+MADRAC,Gotov proizvod,Metalni,
154,MOLY,MOLY M 160X200 madrac,649,MADRAC,Gotov proizvod,Metalni,
155,MOLY,MOLY M 180X200 madrac,650,MADRAC,Gotov proizvod,Metalni,
547,MOON,MOON M 120X200 baza+uzglavlje,1365,KREVET,Gotov proizvod,Metalni,1366
185,MOON,MOON M 120X200 krevet + madrac,682,KREVET+MADRAC,Gotov proizvod,Metalni,
548,MOON,MOON M 120X200 madrac,1366,MADRAC,Gotov proizvod,Metalni,1365
648,MOON,MOON M 140X190 baza+uzglavlje,1506,baza + uzglavlje,Gotov proizvod,Metalni,
118,MOON,MOON M 140X200 krevet + madrac,492,KREVET+MADRAC,Gotov proizvod,Metalni,
122,MOON,MOON M 140X200 krevet + madrac (iz 2 dijela),566,KREVET+MADRAC,Gotov proizvod,Metalni,
438,MOON,MOON M 160X200 baza,1176,BAZA,Gotov proizvod,Metalni,
405,MOON,MOON M 160X200 baza + uzglavlje,1125,KREVET,Gotov proizvod,Metalni,1126
463,MOON,MOON M 160X200 baza + uzglavlje,1213,KREVET,Gotov proizvod,Metalni,1214
268,MOON,MOON M 160X200 K+M,835,KREVET+MADRAC,Gotov proizvod,Metalni,
71,MOON,MOON M 160X200 krevet + madrac,271,KREVET+MADRAC,Gotov proizvod,Metalni,
406,MOON,MOON M 160X200 madrac,1126,MADRAC,Gotov proizvod,Metalni,1125
439,MOON,MOON M 160X200 madrac,1177,MADRAC,Gotov proizvod,Metalni,
464,MOON,MOON M 160X200 madrac,1214,MADRAC,Gotov proizvod,Metalni,1213
121,MOON,MOON M 180X200 krevet + madrac,562,KREVET+MADRAC,Gotov proizvod,Metalni,
650,MOON,MOON M 90X190 baza+uzglavlje,1508,baza + uzglavlje,Gotov proizvod,Metalni,
290,MOON,MOON M 90X200 krevet + madrac,919,KREVET+MADRAC,Gotov proizvod,Metalni,
238,MOON,MOON M M 160X200 krevet + madrac /,763,KREVET+MADRAC,Gotov proizvod,Metalni,
239,MOON,MOON M M 180X200 krevet + madrac /,764,KREVET+MADRAC,Gotov proizvod,Metalni,
551,MURSAN,MURSAN M 120X200 baza + uzglavlje,1369,KREVET,Gotov proizvod,Metalni,1370
530,MURSAN,MURSAN M 120X200 krevat+madrac,1341,,Gotov proizvod,Metalni,
552,MURSAN,MURSAN M 120X200 madrac,1370,MADRAC,Gotov proizvod,Metalni,1369
223,MURSAN,MURSAN M 140X200 baza + uzglavlje,732,KREVET,Gotov proizvod,Metalni,733
224,MURSAN,MURSAN M 140X200 madrac,733,MADRAC,Gotov proizvod,Metalni,732
249,MURSAN,MURSAN M 140X200 MADRAC,777,MADRAC,Gotov proizvod,Metalni,
251,MURSAN,MURSAN M 160X200 BAZA,780,BAZA,Gotov proizvod,Metalni,
219,MURSAN,MURSAN M 160X200 baza + uzglavlje,728,KREVET,Gotov proizvod,Metalni,729
270,MURSAN,MURSAN M 160X200 K+M,837,KREVET+MADRAC,Gotov proizvod,Metalni,
220,MURSAN,MURSAN M 160X200 madrac,729,MADRAC,Gotov proizvod,Metalni,728
248,MURSAN,MURSAN M 160X200 MADRAC,776,MADRAC,Gotov proizvod,Metalni,
252,MURSAN,MURSAN M 160X200 MADRAC,781,MADRAC,Gotov proizvod,Metalni,
250,MURSAN,MURSAN M 160X200 UZGLAVLJE,779,UZGLAVLJE,Gotov proizvod,Metalni,
221,MURSAN,MURSAN M 180X200 baza + uzglavlje,730,KREVET,Gotov proizvod,Metalni,731
222,MURSAN,MURSAN M 180x200 madrac,731,MADRAC,Gotov proizvod,Metalni,730
247,MURSAN,MURSAN M 180X200 MADRAC,775,MADRAC,Gotov proizvod,Metalni,
236,MURSAN,MURSAN M 80X200 madrac,745,MADRAC,Gotov proizvod,Metalni,744
225,MURSAN,MURSAN M 90X200 baza + uzglavlje,734,KREVET,Gotov proizvod,Metalni,735
226,MURSAN,MURSAN M 90X200 madrac,735,MADRAC,Gotov proizvod,Metalni,734
632,N3,N3 M 140X190 Baza+Uzglavlje,1485,Baz+Uzglavlje,Gotov proizvod,Metalni,
634,N3,N3 M 140X200 Baza+Uzglavlje,1487,Baz+Uzglavlje,Gotov proizvod,Metalni,
633,N3,N3 M 160X200 Baza+Uzglavlje,1486,Baz+Uzglavlje,Gotov proizvod,Metalni,
630,N3,N3 M 180X200 Baza+Uzglavlje,1481,Baz+Uzglavlje,Gotov proizvod,Metalni,
635,N3,N3 M 90X190 Baza+Uzglavlje,1488,Baz+Uzglavlje,Gotov proizvod,Metalni,
637,N4,N4 M 140X190 Baza+Uzglavlje,1490,Baz+Uzglavlje,Gotov proizvod,Metalni,
631,N4,N4 M 160X200 Baza+Uzglavlje,1482,Baz+Uzglavlje,Gotov proizvod,Metalni,
636,N4,N4 M 200X200 Baza+Uzglavlje,1489,Baz+Uzglavlje,Gotov proizvod,Metalni,
646,N5,N5 M 200X200 Baza+Uzglavlje,1503,baza + uzglavlje,Gotov proizvod,Metalni,
629,N5,N5 M SANS TETE DE LIT 180X200 Baza+Uzglavlje,1480,Baz+Uzglavlje,Gotov proizvod,Metalni,
440,NATURAL,NATURAL M 180X200  baza,1178,BAZA,Gotov proizvod,Metalni,
298,NATURAL,NATURAL M LUXURY 180X200 baza + uzglavlje /,954,KREVET,Gotov proizvod,Metalni,955
300,NATURAL,NATURAL M LUXURY 180X200 baza + uzglavlje /,956,KREVET,Gotov proizvod,Metalni,957
299,NATURAL,NATURAL M LUXURY 180X200 madrac /,955,MADRAC,Gotov proizvod,Metalni,954
301,NATURAL,NATURAL M LUXURY 180X200 madrac /,957,MADRAC,Gotov proizvod,Metalni,956
529,NEVADA,NEVADA M 160X200 baza+ uzglavlje /,1332,KREVET,Gotov proizvod,Metalni,
540,NEVADA,NEVADA M 160X200 madrac /,1356,MADRAC,Gotov proizvod,Metalni,1357
541,NEVADA,NEVADA M 180X200 baza + uzglavlje /,1357,KREVET,Gotov proizvod,Metalni,1356
542,NEVADA,NEVADA M 180X200 madrac /,1358,MADRAC,Gotov proizvod,Metalni,
573,NEVADA,NEVADA M 200X200 baza + uzglavlje /,1400,KREVET,Gotov proizvod,Metalni,1410
1579,NEVADA,NEVADA M 200X200 madrac,1578,MADRAC,Gotov proizvod,Metalni,
93,NOA,NOA D 120X200 krevet + madrac,316,KREVET+MADRAC,Gotov proizvod,Metalni,
424,NOA,NOA D 120X200 uzglavlje,1161,UZGLAVLJE,Gotov proizvod,Metalni,
471,NOA,NOA D 120X200 uzglavlje,1221,UZGLAVLJE,Gotov proizvod,Metalni,
76,NOA,NOA D 140X200 krevet + madrac,292,KREVET+MADRAC,Gotov proizvod,Metalni,
20,NOA,NOA D 160X200 krevet + madrac,142,KREVET+MADRAC,Gotov proizvod,Metalni,
97,NOA,NOA D 160X200 madrac,323,MADRAC,Gotov proizvod,Metalni,
351,NOA,NOA D 160X200 uzglavlje,1035,UZGLAVLJE,Gotov proizvod,Metalni,
274,NOA,NOA D 180X200 madrac,900,MADRAC,Gotov proizvod,Metalni,
345,NOA,NOA D 180X200 uzglavlje,1029,UZGLAVLJE,Gotov proizvod,Metalni,
14,NOA,NOA D 90X200 krevet + madrac,136,KREVET+MADRAC,Gotov proizvod,Metalni,
13,NOA,NOA M 180X200 krevet + madrac,135,KREVET+MADRAC,Gotov proizvod,Metalni,
593,NORD,NORD M 160X200 krevet + madrac,1427,KREVET+MADRAC,Gotov proizvod,Metalni,
1580,NORD,NORD M 160X200 madrac,1588,MADRAC,Gotov proizvod,Metalni,
1581,NORD,NORD M 180X200 baza + uzglavlje,1537,KREVET,Gotov proizvod,Metalni,1538
1582,NORD,NORD M 180X200 madrac,1538,MADRAC,Gotov proizvod,Metalni,1537
627,NORMA,NORMA 6 M 160X200 madrac,1478,MADRAC,Gotov proizvod,Metalni,
628,NORMA,NORMA 8 M 180X200 madrac,1479,MADRAC,Gotov proizvod,Metalni,
615,NORMA,NORMA D 140x200 krevet + madrac,1461,KREVET+MADRAC,Gotov proizvod,Metalni,
515,NORMA,NORMA D 160X200 krevet + madrac-NOVO,1310,KREVET+MADRAC,Gotov proizvod,Metalni,
516,NORMA,NORMA D 180X200 krevet + madrac-NOVO,1312,KREVET+MADRAC,Gotov proizvod,Metalni,
1583,NORMA,NORMA D 180X220 madrac,1568,MADRAC,Gotov proizvod,Metalni,
609,SAND,SAND D 160X200 krevet + madrac,1451,KREVET+MADRAC,Gotov proizvod,Metalni,
458,SARAY,SARAY M 160X200 baza + uzglavlje /,1197,KREVET,Gotov proizvod,Metalni,1198
459,SARAY,SARAY M 160X200 madrac /,1198,MADRAC,Gotov proizvod,Metalni,1197
491,SARAY,SARAY M 180X200 baza + uzglavlje /,1248,KREVET,Gotov proizvod,Metalni,1249
492,SARAY,SARAY M 180X200 madrac /,1249,MADRAC,Gotov proizvod,Metalni,1248
576,SILVER,SILVER D 160X200 krevet + madrac,1403,KREVET+MADRAC,Gotov proizvod,Metalni,1521
659,SILVER,SILVER M 160X200 krevet,1521,KREVET,Gotov proizvod,Metalni,1403
619,SILVER,SILVER M 180X200 krevet + madrac,1466,KREVET+MADRAC,Gotov proizvod,Metalni,
574,SMART,SMART D 160X200 krevet 4 kocke,1401,KREVET,Gotov proizvod,Metalni,
575,SOFIA,SOFIA D 160X200 krevet,1402,KREVET,Gotov proizvod,Metalni,
521,SOUL,SOUL D 160X200 krevet + madrac-NOVO,1318,KREVET+MADRAC,Gotov proizvod,Metalni,
656,SOUL,SOUL M 160X200 madrac,1518,MADRAC,Gotov proizvod,Metalni,
1592,SOUL,SOUL M 180X200 baza + uzglavlje,1522,KREVET,Gotov proizvod,Metalni,1523
1593,SOUL,SOUL M 180X200 madrac,1523,MADRAC,Gotov proizvod,Metalni,1522
647,STAR,STAR M 140X190 baza + uzglavlje,1505,baza + uzglavlje,Gotov proizvod,Metalni,
507,STAR,STAR M 160X200 baza + uzglavlje,1300,KREVET,Gotov proizvod,Metalni,1301
269,STAR,STAR M 160X200 K+M,836,KREVET+MADRAC,Gotov proizvod,Metalni,
549,STAR,STAR M 160X200 madrac,1367,MADRAC,Gotov proizvod,Metalni,1368
550,STAR,STAR M 180X200 baza+ uzglavlje,1368,KREVET,Gotov proizvod,Metalni,1367
499,STORM,STORM M 160X200 baza + uzglavlja /,1270,KREVET,Gotov proizvod,Metalni,1271
500,STORM,STORM M 160X200 madrac /,1271,MADRAC,Gotov proizvod,Metalni,1270
595,STORM,STORM M 180X200 baza + uzglavlje /,1433,KREVET,Gotov proizvod,Metalni,1440
600,STORM,STORM M 180X200 madrac /,1440,MADRAC,Gotov proizvod,Metalni,1433
1596,STORM,STORM M PLUS 140X200 baza + uzglavlje,1573,KREVET,Gotov proizvod,Metalni,1574
1598,STORM,STORM M PLUS 140X200 madrac,1574,MADRAC,Gotov proizvod,Metalni,1573
660,STORM,STORM M PLUS 160X200,1259,,Gotov proizvod,Metalni,
502,STORM,STORM M PLUS 160X200 baza + uzglavlje /,1291,KREVET,Gotov proizvod,Metalni,1359
543,STORM,STORM M PLUS 160X200 madrac /,1359,MADRAC,Gotov proizvod,Metalni,1291
503,STORM,STORM M PLUS 180X200 baza + uzglavlje /,1292,KREVET,Gotov proizvod,Metalni,1439
599,STORM,STORM M PLUS 180X200 madrac /,1439,MADRAC,Gotov proizvod,Metalni,1292
1599,STORM,STORM M PLUS 200x200 baza + uzglavlje,1570,KREVET,Gotov proizvod,Metalni,1571
1600,STORM,STORM M PLUS 200x200 madrac,1571,MADRAC,Gotov proizvod,Metalni,1570
626,SUR,SUR 18X M 180X200 madrac,1475,MADRAC,Gotov proizvod,Metalni,
584,SUR,SUR D 120X200 krevet,1413,KREVET,Gotov proizvod,Metalni,
582,SUR,SUR D 160X200 krevet + madrac,1411,KREVET+MADRAC,Gotov proizvod,Metalni,
579,SUR,SUR D 160X200 madrac,1407,MADRAC,Gotov proizvod,Metalni,
583,SUR,SUR D 180X200 krevet,1412,KREVET,Gotov proizvod,Metalni,
657,SUR,SUR M 160X200 krevet,1519,KREVET,Gotov proizvod,Metalni,
620,SUR,SUR M 180X200 krevet + madrac,1467,KREVET+MADRAC,Gotov proizvod,Metalni,
571,TALIA,TALIA D 160X200 krevet + madrac,1397,KREVET+MADRAC,Gotov proizvod,Metalni,
658,TRIESTE,TRIEST M 160X200 krevet,1520,KREVET,Gotov proizvod,Metalni,
585,TRIESTE,TRIESTE D 160X200 krevet + madrac,1414,KREVET+MADRAC,Gotov proizvod,Metalni,
580,TRIESTE,TRIESTE D 160X200 madrac,1408,MADRAC,Gotov proizvod,Metalni,
592,VENECIA,VENECIA M 120X200 krevet + madrac-UNIJETI CIJENU,1426,KREVET+MADRAC,Gotov proizvod,Metalni,
617,VENECIA,VENECIA M 120X200 madrac,1464,MADRAC,Gotov proizvod,Metalni,
494,VENECIA,VENECIA M 140X200 krevet + madrac-UNIJETI CIJENU,1252,KREVET+MADRAC,Gotov proizvod,Metalni,
618,VENECIA,VENECIA M 140X200 madrac,1465,MADRAC,Gotov proizvod,Metalni,
572,VENECIA,VENECIA M 160X200 krevet + madrac-UNIJETI CIJENU,1398,KREVET+MADRAC,Gotov proizvod,Metalni,
616,VENECIA,VENECIA M 160X200 madrac,1463,MADRAC,Gotov proizvod,Metalni,
1605,VENECIA,VENECIJA M 180X200 baza + uzglavlje,1550,KREVET,Gotov proizvod,Metalni,1551
1603,VENECIA,VENECIJA M 180X200 baza + uzglavlje,1576,KREVET,Gotov proizvod,Metalni,1577
1606,VENECIA,VENECIJA M 180X200 madrac,1551,MADRAC,Gotov proizvod,Metalni,1550
1604,VENECIA,VENECIJA M 180X200 madrac,1577,MADRAC,Gotov proizvod,Metalni,1576
254,VERDI,VERDI M 160X200 BAZA,783,BAZA,Gotov proizvod,Metalni,
296,VERDI,VERDI M 160X200 BAZA + UZGLAVLJE,925,KREVET,Gotov proizvod,Metalni,926
267,VERDI,VERDI M 160X200 K+M,834,KREVET+MADRAC,Gotov proizvod,Metalni,
255,VERDI,VERDI M 160X200 MADRAC,784,MADRAC,Gotov proizvod,Metalni,
297,VERDI,VERDI M 160X200 MADRAC,926,MADRAC,Gotov proizvod,Metalni,925
534,VERDI,VERDI M 160X200 MADRAC,1349,MADRAC,Gotov proizvod,Metalni,
253,VERDI,VERDI M 160X200 UZGLAVLJE,782,UZGLAVLJE,Gotov proizvod,Metalni,
555,VERDI,VERDI M 180X200 BAZA + UZGLAVLJE,1373,KREVET,Gotov proizvod,Metalni,
319,VERONA,VERONA M 120X200 baza + uzglavlje,990,KREVET,Gotov proizvod,Metalni,
603,VERONA,VERONA M 140X200 K+M,1443,KREVET+MADRAC,Gotov proizvod,Metalni,
207,VERONA,VERONA M 160x200 baza + uzglavlje,716,KREVET,Gotov proizvod,Metalni,717
379,VERONA,VERONA M 160X200 BAZA + UZGLAVLJE,1099,KREVET,Gotov proizvod,Metalni,
399,VERONA,VERONA M 160X200 baza + uzglavlje - TODAY 03,1119,KREVET,Gotov proizvod,Metalni,1120
271,VERONA,VERONA M 160X200 K+M,838,KREVET+MADRAC,Gotov proizvod,Metalni,
208,VERONA,VERONA M 160X200 madrac,717,MADRAC,Gotov proizvod,Metalni,716
381,VERONA,VERONA M 160X200 MADRAC,1101,MADRAC,Gotov proizvod,Metalni,
400,VERONA,VERONA M 160x200 madrac - TODAY 03,1120,MADRAC,Gotov proizvod,Metalni,1119
259,VERONA,VERONA M 180X200 BAZA,807,BAZA,Gotov proizvod,Metalni,
209,VERONA,VERONA M 180X200 baza + uzglavlje,718,KREVET,Gotov proizvod,Metalni,719
380,VERONA,VERONA M 180X200 BAZA + UZGLAVLJE,1100,KREVET,Gotov proizvod,Metalni,1102
210,VERONA,VERONA M 180X200 madrac,719,MADRAC,Gotov proizvod,Metalni,718
382,VERONA,VERONA M 180X200 MADRAC,1102,MADRAC,Gotov proizvod,Metalni,1100
258,VERONA,VERONA M 180X200 UZGLAVLJE,803,UZGLAVLJE,Gotov proizvod,Metalni,
1607,VERONA,VERONA M 200X200 baza +  uzglavlje,1536,KREVET,Gotov proizvod,Metalni,
235,VERONA,VERONA M 80X200 baza + uzglavlje,744,KREVET,Gotov proizvod,Metalni,745
318,VERONA,VERONA M 90X200 baza + uzglavlje,989,KREVET,Gotov proizvod,Metalni,
455,VERONA,VERONA M 90X200 madrac,1194,MADRAC,Gotov proizvod,Metalni,1193
526,WIND,WIND D PLUS 160X200 baza + uzglavlje /,1329,KREVET,Gotov proizvod,Metalni,1360
544,WIND,WIND D PLUS 160X200 madrac /,1360,MADRAC,Gotov proizvod,Metalni,1329
524,WIND,WIND D PLUS 180x200 baza + uzglavlje /,1325,KREVET,Gotov proizvod,Metalni,1441
601,WIND,WIND D PLUS 180X200 madrac /,1441,MADRAC,Gotov proizvod,Metalni,1325
497,WIND,WIND M 160X200 baza + uzglavlje /,1268,KREVET,Gotov proizvod,Metalni,1269
498,WIND,WIND M 160X200 madrac /,1269,MADRAC,Gotov proizvod,Metalni,1268
504,WIND,WIND M 180X200 baza + uzglavlje /,1293,KREVET,Gotov proizvod,Metalni,1294
505,WIND,WIND M 180X200 madrac /,1294,MADRAC,Gotov proizvod,Metalni,1293
1611,ZVIJEZDA,ZVIJEZDA M 120X200 baza + uzglavlje,1584,KREVET,Gotov proizvod,Metalni,1585
1612,ZVIJEZDA,ZVIJEZDA M 120X200 madrac,1585,MADRAC,Gotov proizvod,Metalni,1584
608,ZVIJEZDA,ZVIJEZDA M 160X200 krevet + madrac,1450,KREVET+MADRAC,Gotov proizvod,Metalni,
156,ADORA,ADORA D 120X200 krevet + madrac,653,KREVET+MADRAC,Gotov proizvod,Drveni,
197,ADORA,ADORA D 140X200 krevet + madrac,694,KREVET+MADRAC,Gotov proizvod,Drveni,
342,ADORA,ADORA D 160X200 D SANDUK,1026,BAZA,Gotov proizvod,Drveni,
113,ADORA,ADORA D 160X200 krevet + madrac,429,KREVET+MADRAC,Gotov proizvod,Drveni,
49,ADORA,ADORA D 160X200 madrac,173,MADRAC,Gotov proizvod,Drveni,
41,ADORA,ADORA D 180X200 krevet + madrac,165,KREVET+MADRAC,Gotov proizvod,Drveni,
46,ADORA,ADORA D 180X200 madrac,170,MADRAC,Gotov proizvod,Drveni,
157,AGRO,AGRO D 120X200 krevet + madrac,654,KREVET+MADRAC,Gotov proizvod,Drveni,
158,AGRO,AGRO D 140X200 krevet + madrac,655,KREVET+MADRAC,Gotov proizvod,Drveni,
64,AGRO,AGRO D 160X200 krevet + madrac,263,KREVET+MADRAC,Gotov proizvod,Drveni,
90,AGRO,AGRO D 160X200 madrac,313,MADRAC,Gotov proizvod,Drveni,
3,AGRO,AGRO D 180X200 krevet + madrac,124,KREVET+MADRAC,Gotov proizvod,Drveni,
490,AGRO,AGRO D 90X200 krevet + madrac,1246,KREVET+MADRAC,Gotov proizvod,Drveni,
557,AGRO,AGRO D 160X200 krevet + madrac,1375,KREVET+MADRAC,Gotov proizvod,Drveni,
474,ALFA,ALFA D 120X200 baza,1224,BAZA,Gotov proizvod,Drveni,
159,ALFA,ALFA D 120X200 krevet + madrac,656,KREVET+MADRAC,Gotov proizvod,Drveni,
475,ALFA,ALFA D 120X200 madrac,1225,MADRAC,Gotov proizvod,Drveni,
160,ALFA,ALFA D 140X200 krevet + madrac,657,KREVET+MADRAC,Gotov proizvod,Drveni,
24,ALFA,ALFA D 160X200 krevet + madrac,147,KREVET+MADRAC,Gotov proizvod,Drveni,
58,ALFA,ALFA D 180X200 krevet + madrac,257,KREVET+MADRAC,Gotov proizvod,Drveni,
327,ALFA,ALFA D 90X200 krevet + madrac,1006,KREVET+MADRAC,Gotov proizvod,Drveni,
6,ALINA,ALINA D 100X200 krevet + madrac,128,KREVET+MADRAC,Gotov proizvod,Drveni,
73,ALINA,ALINA D 100X200 madrac,273,MADRAC,Gotov proizvod,Drveni,
161,ALINA,ALINA D 120X200 krevet + madrac,658,KREVET+MADRAC,Gotov proizvod,Drveni,
467,ALINA,ALINA D 140X200 baza,1217,BAZA,Gotov proizvod,Drveni,
36,ALINA,ALINA D 140X200 krevet + madrac,159,KREVET+MADRAC,Gotov proizvod,Drveni,
468,ALINA,ALINA D 140X200 madrac,1218,MADRAC,Gotov proizvod,Drveni,
35,ALINA,ALINA D 160X200 krevet + madrac,158,KREVET+MADRAC,Gotov proizvod,Drveni,
1543,ALINA,ALINA D 160X200 madrac,1549,MADRAC,Gotov proizvod,Drveni,
34,ALINA,ALINA D 180X200 krevet + madrac,157,KREVET+MADRAC,Gotov proizvod,Drveni,
286,ALINA,ALINA D 180X200 madrac,915,MADRAC,Gotov proizvod,Drveni,
419,ALINA,ALINA D 180X200 uzglavlje,1152,UZGLAVLJE,Gotov proizvod,Drveni,
91,ALINA,ALINA D 200X200 krevet,314,KREVET,Gotov proizvod,Drveni,
61,ALINA,ALINA D 200X200 krevet + madrac,260,KREVET+MADRAC,Gotov proizvod,Drveni,
106,ALINA,ALINA D 200X200 madrac,406,MADRAC,Gotov proizvod,Drveni,
107,ALINA,ALINA D 90X200 krevet + madrac,407,KREVET+MADRAC,Gotov proizvod,Drveni,
1,PALERMO,PALERMO D 180X200 krevet + madrac,122,KREVET+MADRAC,Gotov proizvod,Drveni,
2,PLUTON,PLUTON D 160X200 krevet + madrac,123,KREVET+MADRAC,Gotov proizvod,Drveni,
4,GRAND,GRAND D 180X200 krevet + madrac,125,KREVET+MADRAC,Gotov proizvod,Drveni,
5,ELBA,ELBA D 160X200 krevet + madrac,127,KREVET+MADRAC,Gotov proizvod,Drveni,
7,PARIS,PARIS D 160X200 krevet + madrac,129,KREVET+MADRAC,Gotov proizvod,Drveni,
8,TAXIM,TAXIM D 200X200 krevet + madrac,130,KREVET+MADRAC,Gotov proizvod,Drveni,
9,WALL,WALL D 120X200 krevet + madrac,131,KREVET+MADRAC,Gotov proizvod,Drveni,
10,CANNES,CANNES D 160X200 krevet + madrac,132,KREVET+MADRAC,Gotov proizvod,Drveni,
11,GALILEO,GALILEO D 180X200 krevet + madrac,133,KREVET+MADRAC,Gotov proizvod,Drveni,
12,LERY,LERY D 140X200 krevet + madrac,134,KREVET+MADRAC,Gotov proizvod,Drveni,
15,PALERMO,PALERMO D 160X200 krevet + madrac,137,KREVET+MADRAC,Gotov proizvod,Drveni,
16,TAXIM,TAXIM D 180X200 krevet + madrac,138,KREVET+MADRAC,Gotov proizvod,Drveni,
17,COCO,COCO D 160X200 krevet + madrac,139,KREVET+MADRAC,Gotov proizvod,Drveni,
18,LERY,LERY D 160X200 krevet + madrac,140,KREVET+MADRAC,Gotov proizvod,Drveni,
19,GRAND,GRAND D 140X200 krevet + madrac,141,KREVET+MADRAC,Gotov proizvod,Drveni,
21,FLOCUS,FLOCUS D 160X200 krevet + madrac,143,KREVET+MADRAC,Gotov proizvod,Drveni,
22,FLOCUS,FLOCUS D 180X200 krevet + madrac,144,KREVET+MADRAC,Gotov proizvod,Drveni,
23,KRK,KRK D 180X200 krevet + madrac,145,KREVET+MADRAC,Gotov proizvod,Drveni,
25,MARINA,MARINA D 160X200 krevet + madrac,148,KREVET+MADRAC,Gotov proizvod,Drveni,
26,MARINA,MARINA D 180X200 krevet + madrac,149,KREVET+MADRAC,Gotov proizvod,Drveni,
27,WALL,WALL D 140X200 krevet + madrac,150,KREVET+MADRAC,Gotov proizvod,Drveni,
28,EARTH,EARTH D 160X200 krevet + madrac,151,KREVET+MADRAC,Gotov proizvod,Drveni,
29,PRAG,PRAG D 160x200 krevet + madrac,152,KREVET+MADRAC,Gotov proizvod,Drveni,
30,GRAND,GRAND D 160X200 krevet + madrac,153,KREVET+MADRAC,Gotov proizvod,Drveni,
31,LUIS,LUIS D 180X200 krevet + madrac,154,KREVET+MADRAC,Gotov proizvod,Drveni,
32,LERY,LERY D 120X200 krevet + madrac,155,KREVET+MADRAC,Gotov proizvod,Drveni,
33,KRK,KRK D 160X200 krevet + madrac,156,KREVET+MADRAC,Gotov proizvod,Drveni,
37,GRAND,GRAND D 90X200 krevet + madrac,160,KREVET+MADRAC,Gotov proizvod,Drveni,
38,BOND,BOND D 180X200 krevet + madrac,161,KREVET+MADRAC,Gotov proizvod,Drveni,
39,CANNES,CANNES D 180X200 krevet + madrac,162,KREVET+MADRAC,Gotov proizvod,Drveni,
40,EARTH,EARTH D 180X200 krevet + madrac,163,KREVET+MADRAC,Gotov proizvod,Drveni,
42,BOND,BOND D 180X200 madrac,166,MADRAC,Gotov proizvod,Drveni,
43,CANNES,CANNES D 180X200 madrac,167,MADRAC,Gotov proizvod,Drveni,
44,EARTH,EARTH D 180X200 madrac,168,MADRAC,Gotov proizvod,Drveni,
45,GALIA,GALIA D 160X200 madrac,169,MADRAC,Gotov proizvod,Drveni,
47,PRAG,PRAG D 180X200 madrac,171,MADRAC,Gotov proizvod,Drveni,
48,GALIA,GALIA D 180X200 madrac,172,MADRAC,Gotov proizvod,Drveni,
50,BOND,BOND D 160X200 madrac,174,MADRAC,Gotov proizvod,Drveni,
51,PRAG,PRAG D 160X200 madrac,175,MADRAC,Gotov proizvod,Drveni,
52,CANNES,CANNES D 160X200 madrac,176,MADRAC,Gotov proizvod,Drveni,
53,KRK,KRK D 180X200 madrac,177,MADRAC,Gotov proizvod,Drveni,
54,BOND,BOND D 160X200 krevet + madrac,227,KREVET+MADRAC,Gotov proizvod,Drveni,
55,BONITA,BONITA D 160X200 krevet + madrac,228,KREVET+MADRAC,Gotov proizvod,Drveni,
56,BONITA,BONITA D 180X200 krevet + madrac,229,KREVET+MADRAC,Gotov proizvod,Drveni,
57,Madrac,Madrac D Hopy 110x210,233,MADRAC,Gotov proizvod,Drveni,
59,COCO,COCO D 180X200 krevet + madrac,258,KREVET+MADRAC,Gotov proizvod,Drveni,
60,ELBA,ELBA D 180X200 krevet + madrac,259,KREVET+MADRAC,Gotov proizvod,Drveni,
62,LERY,LERY D 200X200 krevet + madrac,261,KREVET+MADRAC,Gotov proizvod,Drveni,
63,PARIS,PARIS D 180X200 krevet + madrac,262,KREVET+MADRAC,Gotov proizvod,Drveni,
65,GRAND,GRAND D 120X200 krevet + madrac,265,KREVET+MADRAC,Gotov proizvod,Drveni,
66,LERY,LERY D 90X200 krevet + madrac,266,KREVET+MADRAC,Gotov proizvod,Drveni,
67,LERY,LERY D 160X200 madrac,267,MADRAC,Gotov proizvod,Drveni,
68,SATURN,SATURN D 160X200 krevet + madrac,268,KREVET+MADRAC,Gotov proizvod,Drveni,
69,GRAND,GRAND D 80X200 krevet + madrac,269,KREVET+MADRAC,Gotov proizvod,Drveni,
70,LERY,LERY D 180X200 krevet + madrac,270,KREVET+MADRAC,Gotov proizvod,Drveni,
72,PRAG,PRAG D 180X200 krevet + madrac,272,KREVET+MADRAC,Gotov proizvod,Drveni,
74,LUIS,LUIS D 160X200 krevet + madrac,278,KREVET+MADRAC,Gotov proizvod,Drveni,
75,TAXIM,TAXIM D 160X200 krevet + madrac,291,KREVET+MADRAC,Gotov proizvod,Drveni,
77,COCO,COCO D 200X200 krevet + madrac,293,KREVET+MADRAC,Gotov proizvod,Drveni,
78,KRK,KRK D 160X200 madrac,294,MADRAC,Gotov proizvod,Drveni,
79,LORIS,LORIS D 160x200 krevet + madrac,295,KREVET+MADRAC,Gotov proizvod,Drveni,
80,LORIS,LORIS D 180X200 krevet + madrac,296,KREVET+MADRAC,Gotov proizvod,Drveni,
81,PIANNO,PIANNO D 140X200 krevet,297,KREVET,Gotov proizvod,Drveni,
82,PIANNO,PIANNO D 160X200 krevet,298,KREVET,Gotov proizvod,Drveni,
83,PIANNO,PIANNO D 180X200 krevet,299,KREVET,Gotov proizvod,Drveni,
84,GALILEO,GALILEO D 160X200 krevet + madrac,307,KREVET+MADRAC,Gotov proizvod,Drveni,
85,TAXIM,TAXIM D 160X200 krevet,308,KREVET,Gotov proizvod,Drveni,
86,LORD,LORD D 180X200 krevet + madrac,309,KREVET+MADRAC,Gotov proizvod,Drveni,
87,LORD,LORD D 160X200 krevet + madrac,310,KREVET+MADRAC,Gotov proizvod,Drveni,
88,WALL,WALL D 140X200 madrac,311,MADRAC,Gotov proizvod,Drveni,
89,WALL,WALL D 120X200 madrac,312,MADRAC,Gotov proizvod,Drveni,
92,ATLAS,ATLAS D 160X200 krevet + madrac,315,KREVET+MADRAC,Gotov proizvod,Drveni,
94,EARTH,EARTH D 140X200 krevet + madrac,317,KREVET+MADRAC,Gotov proizvod,Drveni,
95,GALIA,GALIA D 160X200 krevet + madrac,321,KREVET+MADRAC,Gotov proizvod,Drveni,
96,GALIA,GALIA D 180X200 krevet + madrac,322,KREVET+MADRAC,Gotov proizvod,Drveni,
98,GRAND,GRAND D 140X200 krevet + madrac (iz 2 dijela),336,KREVET+MADRAC,Gotov proizvod,Drveni,
99,ELBA,ELBA D 140X200 krevet + madrac (iz 2 dijela),337,KREVET+MADRAC,Gotov proizvod,Drveni,
100,GRAND,GRAND D 180X200 madrac,338,MADRAC,Gotov proizvod,Drveni,
101,GRAND,GRAND D 160X200 madrac,339,MADRAC,Gotov proizvod,Drveni,
102,PARIS,PARIS D 200X200 krevet + madrac,341,KREVET+MADRAC,Gotov proizvod,Drveni,
103,PARIS,PARIS D 160X200 krevet,403,KREVET,Gotov proizvod,Drveni,
104,PARIS,PARIS D 160X200 madrac,404,MADRAC,Gotov proizvod,Drveni,
105,GRAND,GRAND D 180X200 krevet,405,KREVET,Gotov proizvod,Drveni,
108,HILTON,HILTON D 120X200 krevet + madrac,409,KREVET+MADRAC,Gotov proizvod,Drveni,
109,TAXIM,TAXIM D 160X200 madrac,410,MADRAC,Gotov proizvod,Drveni,
110,TAXIM,TAXIM D 180X200 madrac,411,MADRAC,Gotov proizvod,Drveni,
111,LUIS,LUIS D 180X200 madrac,412,MADRAC,Gotov proizvod,Drveni,
112,PALERMO,PALERMO D 90X200 krevet + madrac,413,KREVET+MADRAC,Gotov proizvod,Drveni,
114,COCO,COCO D 160X200 krevet,474,KREVET,Gotov proizvod,Drveni,
115,MEXICO,MEXICO D 180X200 krevet + madrac,475,KREVET+MADRAC,Gotov proizvod,Drveni,
116,MEXICO,MEXICO D 160X200 krevet + madrac,476,KREVET+MADRAC,Gotov proizvod,Drveni,
117,ELBA,ELBA D 200X200 madrac,491,MADRAC,Gotov proizvod,Drveni,
119,PLUTON,PLUTON D 180X200 krevet + madrac,506,KREVET+MADRAC,Gotov proizvod,Drveni,
120,ATLAS,ATLAS D 180X200 krevet + madrac,561,KREVET+MADRAC,Gotov proizvod,Drveni,
123,PARIS,PARIS D 140X200 krevet + madrac,567,KREVET+MADRAC,Gotov proizvod,Drveni,
124,LERY,LERY D 180X200 madrac,568,MADRAC,Gotov proizvod,Drveni,
126,SATURN,SATURN D 180X200 madrac,577,MADRAC,Gotov proizvod,Drveni,
127,ATLAS,ATLAS D 180X200 madrac,578,MADRAC,Gotov proizvod,Drveni,
128,ATLAS,ATLAS D 160X200 madrac,579,MADRAC,Gotov proizvod,Drveni,
129,SATURN,SATURN D 160X200 madrac,581,MADRAC,Gotov proizvod,Drveni,
133,OSCAR,OSCAR D 160X200 krevet + madrac,586,KREVET+MADRAC,Gotov proizvod,Drveni,
136,PETRA,PETRA D 160X200 krevet + toper,590,KREVET+MADRAC,Gotov proizvod,Drveni,
137,BINGO,BINGO D 160X200 krevet + toper,591,KREVET+MADRAC,Gotov proizvod,Drveni,
162,ATLAS,ATLAS D 120X200 krevet + madrac,659,KREVET+MADRAC,Gotov proizvod,Drveni,
163,ATLAS,ATLAS D 140X200 krevet + madrac,660,KREVET+MADRAC,Gotov proizvod,Drveni,
164,BOND,BOND D 120X200 krevet + madrac,661,KREVET+MADRAC,Gotov proizvod,Drveni,
165,BOND,BOND D 140X200 krevet + madrac,662,KREVET+MADRAC,Gotov proizvod,Drveni,
166,BONITA,BONITA D 120X200 krevet + madrac,663,KREVET+MADRAC,Gotov proizvod,Drveni,
167,BONITA,BONITA D 140X200 krevet + madrac,664,KREVET+MADRAC,Gotov proizvod,Drveni,
168,CANNES,CANNES D 120X200 krevet + madrac,665,KREVET+MADRAC,Gotov proizvod,Drveni,
169,CANNES,CANNES D 140X200 krevet + madrac,666,KREVET+MADRAC,Gotov proizvod,Drveni,
170,EARTH,EARTH D 120X200 krevet + madrac,667,KREVET+MADRAC,Gotov proizvod,Drveni,
171,ELBA,ELBA D 120X200 krevet + madrac,668,KREVET+MADRAC,Gotov proizvod,Drveni,
172,ELBA,ELBA D 140X200 krevet + madrac,669,KREVET+MADRAC,Gotov proizvod,Drveni,
173,FLOCUS,FLOCUS D 120X200 krevet + madrac,670,KREVET+MADRAC,Gotov proizvod,Drveni,
174,FLOCUS,FLOCUS D 140X200 krevet + madrac,671,KREVET+MADRAC,Gotov proizvod,Drveni,
175,GALIA,GALIA D 120X200 krevet + madrac,672,KREVET+MADRAC,Gotov proizvod,Drveni,
176,GALIA,GALIA D 140X200 krevet + madrac,673,KREVET+MADRAC,Gotov proizvod,Drveni,
177,GALILEO,GALILEO D 120x200 krevet + madrac,674,KREVET+MADRAC,Gotov proizvod,Drveni,
178,GALILEO,GALILEO D 140X200 krevet + madrac,675,KREVET+MADRAC,Gotov proizvod,Drveni,
179,KRK,KRK D 120X200 krevet + madrac,676,KREVET+MADRAC,Gotov proizvod,Drveni,
180,KRK,KRK D 140X200 krevet + madrac,677,KREVET+MADRAC,Gotov proizvod,Drveni,
181,LORD,LORD D 120X200 krevet + madrac,678,KREVET+MADRAC,Gotov proizvod,Drveni,
182,LORD,LORD D 140X200 krevet + madrac,679,KREVET+MADRAC,Gotov proizvod,Drveni,
183,LUIS,LUIS D 120X200 krevet + madrac,680,KREVET+MADRAC,Gotov proizvod,Drveni,
184,LUIS,LUIS D 140X200 krevet + madrac,681,KREVET+MADRAC,Gotov proizvod,Drveni,
186,PALERMO,PALERMO D 120X200 krevet + madrac,683,KREVET+MADRAC,Gotov proizvod,Drveni,
187,PALERMO,PALERMO D 140X200 krevet + madrac,684,KREVET+MADRAC,Gotov proizvod,Drveni,
188,PARIS,PARIS D 120X200 krevet + madrac,685,KREVET+MADRAC,Gotov proizvod,Drveni,
189,PLUTON,PLUTON D 120X200 krevet + madrac,686,KREVET+MADRAC,Gotov proizvod,Drveni,
190,PLUTON,PLUTON D 140X200 krevet + madrac,687,KREVET+MADRAC,Gotov proizvod,Drveni,
191,PRAG,PRAG D 120X200 krevet + madrac,688,KREVET+MADRAC,Gotov proizvod,Drveni,
192,PRAG,PRAG D 140X200 krevet + madrac,689,KREVET+MADRAC,Gotov proizvod,Drveni,
193,SATURN,SATURN D 120X200 krevet + madrac,690,KREVET+MADRAC,Gotov proizvod,Drveni,
194,SATURN,SATURN D 140X200 krevet + madrac,691,KREVET+MADRAC,Gotov proizvod,Drveni,
195,TAXIM,TAXIM D 120X200 krevet + madrac,692,KREVET+MADRAC,Gotov proizvod,Drveni,
196,TAXIM,TAXIM D 140X200 krevet + madrac,693,KREVET+MADRAC,Gotov proizvod,Drveni,
198,SATURN,SATURN D 180X200 krevet + madrac,695,KREVET+MADRAC,Gotov proizvod,Drveni,
275,GRAND,GRAND D 160X200 krevet,901,KREVET,Gotov proizvod,Drveni,
276,WALL,WALL D 140X200 krevet,902,KREVET,Gotov proizvod,Drveni,
277,GALILEO,GALILEO D 200X200 krevet + madrac,903,KREVET+MADRAC,Gotov proizvod,Drveni,
278,LUIS,LUIS D 200X200 krevet + madrac,904,KREVET+MADRAC,Gotov proizvod,Drveni,
279,COCO,COCO D 160X200 madrac,905,MADRAC,Gotov proizvod,Drveni,
280,COCO,COCO D 180X200 madrac,906,MADRAC,Gotov proizvod,Drveni,
281,COCO,COCO D 120X200 krevet + madrac,907,KREVET+MADRAC,Gotov proizvod,Drveni,
282,GRAND,GRAND D 140X200 krevet,908,KREVET,Gotov proizvod,Drveni,
283,GRAND,GRAND D 90X200 krevet,909,KREVET,Gotov proizvod,Drveni,
284,COCO,COCO D 90X200 krevet,910,KREVET,Gotov proizvod,Drveni,
285,TAXIM,TAXIM D 140X200 madrac,911,MADRAC,Gotov proizvod,Drveni,
287,EARTH,EARTH D 90X200 krevet + madrac,916,KREVET+MADRAC,Gotov proizvod,Drveni,
288,FLOCUS,FLOCUS D 180X200 madrac,917,MADRAC,Gotov proizvod,Drveni,
289,LUIS,LUIS D 90X200 krevet + madrac,918,KREVET+MADRAC,Gotov proizvod,Drveni,
291,FLOCUS,FLOCUS D 160X200 madrac,920,MADRAC,Gotov proizvod,Drveni,
292,FLOCUS,FLOCUS D 160X200 krevet,921,KREVET,Gotov proizvod,Drveni,
293,PLUTON,PLUTON D 90X200 krevet + madrac,922,KREVET+MADRAC,Gotov proizvod,Drveni,
323,PARIS,PARIS D 90X200 krevet + madrac,1002,KREVET+MADRAC,Gotov proizvod,Drveni,
324,PLUTON,PLUTON D 160X200 krevet,1003,KREVET,Gotov proizvod,Drveni,
325,KRK,KRK D 180X200 krevet,1004,KREVET,Gotov proizvod,Drveni,
326,ELBA,ELBA D 160X200 madrac,1005,MADRAC,Gotov proizvod,Drveni,
328,COCO,COCO D 200X200 madrac,1007,MADRAC,Gotov proizvod,Drveni,
329,PALERMO,PALERMO D 120X200 madrac,1008,MADRAC,Gotov proizvod,Drveni,
330,MARINA,MARINA D 160X200 madrac,1009,MADRAC,Gotov proizvod,Drveni,
331,ROMEO,ROMEO D 160X200 krevet + madrac,1010,KREVET+MADRAC,Gotov proizvod,Drveni,
332,HILTON,HILTON D 160X200 krevet + madrac,1011,KREVET+MADRAC,Gotov proizvod,Drveni,
333,HILTON,HILTON D 180X200 krevet + madrac,1012,KREVET+MADRAC,Gotov proizvod,Drveni,
334,GRAND,GRAND D 90X200 madrac,1018,MADRAC,Gotov proizvod,Drveni,
335,FLOCUS,FLOCUS D 180X200 krevet,1019,KREVET,Gotov proizvod,Drveni,
336,MARINA,MARINA D 160X200 krevet,1020,KREVET,Gotov proizvod,Drveni,
337,KRK,KRK D 160X200 uzglavlje,1021,UZGLAVLJE,Gotov proizvod,Drveni,
338,GRAND,GRAND D 160X200 uzglavlje,1022,UZGLAVLJE,Gotov proizvod,Drveni,
339,PALERMO,PALERMO D 160X200 L+D SANDUK,1023,BAZA,Gotov proizvod,Drveni,
340,PALERMO,PALERMO D 90X200 D SANDUK,1024,,Gotov proizvod,Drveni,
341,FLOCUS,FLOCUS D 180X200 L+D SANDUK,1025,,Gotov proizvod,Drveni,
343,WALL,WALL D JASTUCI,1027,,Gotov proizvod,Drveni,
344,CANNES,CANNES D 160X200 D SANDUK,1028,,Gotov proizvod,Drveni,
346,CANNES,CANNES D 160X200 L+D SANDUK,1030,BAZA,Gotov proizvod,Drveni,
347,PALERMO,PALERMO D 180X200 L+D SANDUK,1031,BAZA,Gotov proizvod,Drveni,
348,PLUTON,PLUTON D 180X200 L+D SANDUK,1032,BAZA,Gotov proizvod,Drveni,
349,PALERMO,PALERMO D 160X200 D SANDUK,1033,,Gotov proizvod,Drveni,
350,CANNES,CANNES D 180X200 L SANDUK + NADSANDUK,1034,,Gotov proizvod,Drveni,
352,TAXIM,TAXIM D 160X200 uzglavlje,1036,UZGLAVLJE,Gotov proizvod,Drveni,
353,PARIS,PARIS D 180X200 uzglavlje,1037,UZGLAVLJE,Gotov proizvod,Drveni,
354,LERY,LERY D 160X200 uzglavlje,1038,UZGLAVLJE,Gotov proizvod,Drveni,
355,FLOCUS,FLOCUS D 160X200 uzglavlje,1039,UZGLAVLJE,Gotov proizvod,Drveni,
356,GRAND,GRAND D 180X200 uzglavlje,1040,UZGLAVLJE,Gotov proizvod,Drveni,
359,COCO,COCO D 180X200 uzglavlje,1043,UZGLAVLJE,Gotov proizvod,Drveni,
360,KRK,KRK D 180X200 uzglavlje,1044,UZGLAVLJE,Gotov proizvod,Drveni,
361,GRAND,GRAND D 120X200 uzglavlje,1045,UZGLAVLJE,Gotov proizvod,Drveni,
364,GRAND,GRAND D 140X200 L+D BAZA,1048,BAZA,Gotov proizvod,Drveni,
365,HILTON,HILTON D 200X200 uzglavlje,1049,UZGLAVLJE,Gotov proizvod,Drveni,
366,KRK,KRK D 180X200 L+D baza,1050,BAZA,Gotov proizvod,Drveni,
367,BOSFOR,BOSFOR D 180X200 L+D SANDUK,1051,BAZA,Gotov proizvod,Drveni,
371,KRK,KRK D 160X200 SANDUK,1058,BAZA,Gotov proizvod,Drveni,
372,KRK,KRK D 180X200 SANDUK,1061,BAZA,Gotov proizvod,Drveni,
373,PIANNO,PIANNO D 160X200 NADSANDUK,1062,,Gotov proizvod,Drveni,
374,GRAND,GRAND D 140X200 madrac,1094,MADRAC,Gotov proizvod,Drveni,
384,ŠTEPANO,ŠTEPANO D UZGLAVLJE CANNES 180X200 HELENA,1104,,Gotov proizvod,Drveni,
385,ŠTEPANO,ŠTEPANO D UZGLAVLJE CANNES 140X200 LORIS,1105,,Gotov proizvod,Drveni,
386,ŠTEPANO,ŠTEPANO D UZGLAVLJE GRAND 160X200 LORIS,1106,,Gotov proizvod,Drveni,
387,ŠTEPANO,ŠTEPANO D UZGLAVLJE GALIA 180X200 HELENA,1107,,Gotov proizvod,Drveni,
388,ŠTEPANO,ŠTEPANO D UZGLAVLJE GALIA 160X200 HELENA,1108,,Gotov proizvod,Drveni,
404,RIVIERA,RIVIERA D 160X200 madrac - RIVIERA 13,1124,MADRAC,Gotov proizvod,Drveni,
410,ŠTEPANO,ŠTEPANO D UZGLAVLJE CANNES 160X200 HELENA,1133,,Gotov proizvod,Drveni,
417,WALL,WALL D 140X200 uzglavlje,1141,UZGLAVLJE,Gotov proizvod,Drveni,
418,TAXIM,TAXIM D 180X200 uzglavlje,1142,UZGLAVLJE,Gotov proizvod,Drveni,
423,ATLAS,ATLAS D 160X200 krevet,1157,KREVET,Gotov proizvod,Drveni,
426,GRAND,GRAND D 160X200 L+D sanduk,1164,BAZA,Gotov proizvod,Drveni,
427,PLUTON,PLUTON D 180X200 madrac,1165,MADRAC,Gotov proizvod,Drveni,
431,GALILEO,GALILEO D 180X200 uzglavlje,1169,UZGLAVLJE,Gotov proizvod,Drveni,
432,GALILEO,GALILEO D 180X200 uzglavlje + madrac,1170,UZGLAVLJE+MADRAC,Gotov proizvod,Drveni,
441,PALERMO,PALERMO D 160X200 madrac,1179,MADRAC,Gotov proizvod,Drveni,
442,PALERMO,PALERMO D 160X200 uzglavlje,1180,UZGLAVLJE,Gotov proizvod,Drveni,
443,WALL,WALL D 140X200 baza + uzglavlje,1181,KREVET,Gotov proizvod,Drveni,
444,GRAND,GRAND D 80X200 madrac,1182,MADRAC,Gotov proizvod,Drveni,
445,BINGO,BINGO D 160X200 krevet,1183,KREVET,Gotov proizvod,Drveni,
447,LUIS,LUIS D 100X200 krevet + madrac,1185,KREVET+MADRAC,Gotov proizvod,Drveni,
448,PLUTON,PLUTON D 160X200 L+D SANDUK,1186,BAZA,Gotov proizvod,Drveni,
469,ATLAS,ATLAS D 160X200 krevet,1219,KREVET,Gotov proizvod,Drveni,
470,GALILEO,GALILEO D 120X200 baza,1220,BAZA,Gotov proizvod,Drveni,
473,PALERMO,PALERMO D 160X200 uzglavlje,1223,UZGLAVLJE,Gotov proizvod,Drveni,
476,LORIS,LORIS D 180X200 madrac,1226,MADRAC,Gotov proizvod,Drveni,
478,GALIA,GALIA D 160X200  D BAZA,1229,,Gotov proizvod,Drveni,
484,KRK,KRK D 180X200 L+D NADSANDUK UNIJETI CIJENU,1240,,Gotov proizvod,Drveni,
486,BINGO,BINGO D 160X200 madrac-unijeti cijenu,1242,MADRAC,Gotov proizvod,Drveni,
487,KRK,KRK D 180X200 D baza,1243,,Gotov proizvod,Drveni,
506,RIXOS,RIXOS D 160X200 UZGLAVLJE UNIJETI CIJENU,1299,UZGLAVLJE,Gotov proizvod,Drveni,
511,BINGO,BINGO D 180X200 krevet + madrac,1305,KREVET+MADRAC,Gotov proizvod,Drveni,
518,Štepano,Štepano D madrac platno VB 1,1314,,Gotov proizvod,Drveni,
525,WILL,WILL D 160X200 krevet + madrac UNIJETI CIJENU,1328,KREVET+MADRAC,Gotov proizvod,Drveni,
528,EASY,EASY D 180X200 krevet + madrac UNIJETI CIJENU,1331,KREVET+MADRAC,Gotov proizvod,Drveni,
536,Štepano,Štepano D madrac platno ZG 1,1352,,Gotov proizvod,Drveni,
537,Štepano,Štepano D madrac platno DK 1,1353,,Gotov proizvod,Drveni,
545,Štepano,Štepano D madrac platno VB 2,1361,,Gotov proizvod,Drveni,
564,EASY,EASY D 160X200 krevet + madrac UNIJETI CIJENU,1388,KREVET+MADRAC,Gotov proizvod,Drveni,
565,EASY,EASY D 140X200 krevet + madrac UNIJETI CIJENU,1389,KREVET+MADRAC,Gotov proizvod,Drveni,
578,MADRAC,MADRAC D 160X200 (NOVI PUNAC),1405,,Gotov proizvod,Drveni,
594,Štepano,Štepano D madrac platno VB 3,1428,,Gotov proizvod,Drveni,
596,LUIS,LUIS D 160x200 krevet + madrac UNIJETI CIJENU,1435,KREVET+MADRAC,Gotov proizvod,Drveni,
598,ŠTEPANO,ŠTEPANO D UZGLAVLJE UZORAK 160X200 AURUM,1438,,Gotov proizvod,Drveni,
614,Madrac,Madrac D Cirus Plus 180x200,1460,MADRAC,Gotov proizvod,Drveni,
1548,BINGO,BINGO D 200X45X45 tabure /,1524,,Gotov proizvod,Drveni,
1551,BOLERO,BOLERO D 160X200 baza + uzglavlje,1542,KREVET,Gotov proizvod,Drveni,
1553,BOLERO,BOLERO D 160X200 madrac,1543,MADRAC,Gotov proizvod,Drveni,
1557,BOLERO,BOLERO D 180X200 baza + uzglavlje,1544,KREVET,Gotov proizvod,Drveni,
1558,BOLERO,BOLERO D 180X200 madrac,1545,MADRAC,Gotov proizvod,Drveni,
1565,LUIS,LUIS D 160X200 krevet + madrac,1559,KREVET+MADRAC,Gotov proizvod,Drveni,
125,Metalna,Metalna M konstrukcija,571,,Gotov proizvod,Metalni,
134,NORA,NORA M 160X200 veliki krevet + madrac,587,KREVET+MADRAC,Gotov proizvod,Metalni,
211,NORA,NORA M 160X200 baza + uzglavlje,720,KREVET,Gotov proizvod,Metalni,721
212,NORA,NORA M 160X200 madrac,721,MADRAC,Gotov proizvod,Metalni,720
213,NORA,NORA M 180X200 baza + uzglavlje,722,KREVET,Gotov proizvod,Metalni,723
214,NORA,NORA M 180X200 MADRAC,723,MADRAC,Gotov proizvod,Metalni,722
215,NORA,NORA M 140X200 baza + uzglavlje,724,KREVET,Gotov proizvod,Metalni,725
216,NORA,NORA M 140X200 madrac,725,MADRAC,Gotov proizvod,Metalni,724
217,NORA,NORA M 90X200 baza + uzglavlje,726,KREVET,Gotov proizvod,Metalni,727
218,NORA,NORA M 90X200 madrac,727,MADRAC,Gotov proizvod,Metalni,726
242,NORA,NORA M 160X200 krevet + madrac /,767,KREVET+MADRAC,Gotov proizvod,Metalni,
243,NORA,NORA M 180X200 krevet + madrac /,768,KREVET+MADRAC,Gotov proizvod,Metalni,
266,NORA,NORA M 160X200 K+M,833,KREVET+MADRAC,Gotov proizvod,Metalni,
294,NORA,NORA M 140X200 BAZA + UZGLAVLJE,923,KREVET,Gotov proizvod,Metalni,924
295,NORA,NORA M 140X200 MADRAC,924,MADRAC,Gotov proizvod,Metalni,923
320,NORA,NORA M 100X210 uzglavlje,991,UZGLAVLJE,Gotov proizvod,Metalni,
362,NORA,NORA M 180X200 baza,1046,BAZA,Gotov proizvod,Metalni,
363,NORA,NORA M 180X200 uzglavlje,1047,UZGLAVLJE,Gotov proizvod,Metalni,
368,NORA,NORA M 180X200 madrac,1054,MADRAC,Gotov proizvod,Metalni,
376,PALERMO,PALERMO M M 160X200 krevet + madrac,1096,KREVET+MADRAC,Gotov proizvod,Metalni,
377,PALERMO,PALERMO M M 140X200 krevet + madrac,1097,KREVET+MADRAC,Gotov proizvod,Metalni,
425,PALERMO,PALERMO M M 180X200 krevet + madrac,1162,KREVET+MADRAC,Gotov proizvod,Metalni,
472,PALERMO,PALERMO M 180X200 krevet + madrac /,1222,KREVET+MADRAC,Gotov proizvod,Metalni,
488,ELBA,ELBA M M 160x200 krevet + madrac,1244,KREVET+MADRAC,Gotov proizvod,Metalni,
489,KRK,KRK M M 160X200 krevet + madrac,1245,KREVET+MADRAC,Gotov proizvod,Metalni,
501,GRAND,GRAND M M 140X200 krevet + madrac,1272,KREVET+MADRAC,Gotov proizvod,Metalni,
509,NORA,NORA M 140X200 BAZA,1302,BAZA,Gotov proizvod,Metalni,
510,NORA,NORA M 140X200 MADRAC,1303,MADRAC,Gotov proizvod,Metalni,
514,ELBA,ELBA M M 180X200 krevet + madrac UNIJETI CIJENU,1309,KREVET+MADRAC,Gotov proizvod,Metalni,
517,MERLIN,MERLIN M 90X200 krevet + madrac NOVO,1313,KREVET+MADRAC,Gotov proizvod,Metalni,
519,MERLIN,MERLIN M 140X200 krevet + madrac NOVO,1315,KREVET+MADRAC,Gotov proizvod,Metalni,
520,MERLIN,MERLIN M 160X200 krevet + madrac NOVOŽ,1316,KREVET+MADRAC,Gotov proizvod,Metalni,
523,KRK,KRK M 180X200 krevet + madrac,1323,KREVET+MADRAC,Gotov proizvod,Metalni,
559,ELBA,ELBA M M 160X200 krevet + madrac UNIJETI CIJENU,1381,KREVET+MADRAC,Gotov proizvod,Metalni,
597,ELBA,ELBA M M 180X200 krevet + madrac,1437,KREVET+MADRAC,Gotov proizvod,Metalni,
605,MERLIN,MERLIN M 120X200 krevet + madrac NOVO,1446,KREVET+MADRAC,Gotov proizvod,Metalni,
612,MERLIN,MERLIN M 180X200 krevet + madrac,1457,KREVET+MADRAC,Gotov proizvod,Metalni,
613,ELBA,ELBA M M 140x200 krevet + madrac,1459,KREVET+MADRAC,Gotov proizvod,Metalni,
623,NORA,NORA M 160X200 BAZA,1470,BAZA,Gotov proizvod,Metalni,
624,NORA,NORA M 160X200 UZGLAVLJE,1471,UZGLAVLJE,Gotov proizvod,Metalni,
625,NORA,NORA M 160X200 MADRAC,1472,MADRAC,Gotov proizvod,Metalni,
638,EASY,EASY M 160X200 madrac,1491,MADRAC,Gotov proizvod,Metalni,
639,EASY,EASY M 140x200 madrac,1492,MADRAC,Gotov proizvod,Metalni,
640,EASY,EASY M 180X200 madrac,1493,MADRAC,Gotov proizvod,Metalni,
655,KRK,KRK M 180X200 L NADSANDUK,1517,L NADSANDUK,Gotov proizvod,Metalni,
1576,MIA,MIA M 120X200 baza + uzglavlje /,1525,KREVET,Gotov proizvod,Metalni,
1561,ELBA,ELBA M 90x200 krevet + madrac,1530,KREVET+MADRAC,Gotov proizvod,Metalni,
1563,GRAND,GRAND M 120X200 krevet + madrac,1539,KREVET+MADRAC,Gotov proizvod,Metalni,
1575,MERLIN,MERLIN M 90X200 madrac,1552,MADRAC,Gotov proizvod,Metalni,
1570,MERLIN,MERLIN M 120X200 madrac,1553,MADRAC,Gotov proizvod,Metalni,
1571,MERLIN,MERLIN M 140X200 madrac,1554,MADRAC,Gotov proizvod,Metalni,
1572,MERLIN,MERLIN M 160X200 madrac,1555,MADRAC,Gotov proizvod,Metalni,
1574,MERLIN,MERLIN M 180X200 madrac,1556,MADRAC,Gotov proizvod,Metalni,
1577,MONT,MONT M 160X200 baza + uzglavlje /,1557,KREVET,Gotov proizvod,Metalni,
1578,MONT,MONT M 160X200 madrac /,1558,MADRAC,Gotov proizvod,Metalni,
1560,ELBA,ELBA M 180X220 krevet,1567,KREVET,Gotov proizvod,Metalni,
1564,KRK,KRK D 180X200 LIJEVA BAZA,1587,BAZA,Gotov proizvod,Metalni,