,,,,,,,
,,,SPISAK PROIZVODA 7.4.2026 PO SADRZAJU,,,,
RB,Id,Modeli,Naziv,Sifra,opis sadrzaj,VRSTA,GRUPA
1,128,PALERMO,PALERMO 180X200 krevet + madrac,122,KREVET+MADRAC,Gotov proizvod,Drveni
2,129,PLUTON,PLUTON 160X200 krevet + madrac,123,KREVET+MADRAC,Gotov proizvod,Drveni
3,130,AGRO,AGRO 180X200 krevet + madrac,124,KREVET+MADRAC,Gotov proizvod,Drveni
4,131,GRAND,GRAND 180X200 krevet + madrac,125,KREVET+MADRAC,Gotov proizvod,Drveni
5,133,ELBA,ELBA 160X200 krevet + madrac,127,KREVET+MADRAC,Gotov proizvod,Drveni
6,134,ALINA,ALINA 100X200 krevet + madrac,128,KREVET+MADRAC,Gotov proizvod,Drveni
7,135,PARIS,PARIS 160X200 krevet + madrac,129,KREVET+MADRAC,Gotov proizvod,Drveni
8,136,TAXIM,TAXIM 200X200 krevet + madrac,130,KREVET+MADRAC,Gotov proizvod,Drveni
9,137,WALL,WALL 120X200 krevet + madrac,131,KREVET+MADRAC,Gotov proizvod,Drveni
10,138,CANNES,CANNES 160X200 krevet + madrac,132,KREVET+MADRAC,Gotov proizvod,Drveni
11,139,GALILEO,GALILEO 180X200 krevet + madrac,133,KREVET+MADRAC,Gotov proizvod,Drveni
12,140,LERY,LERY 140X200 krevet + madrac,134,KREVET+MADRAC,Gotov proizvod,Drveni
13,141,NOA,NOA 180X200 krevet + madrac,135,KREVET+MADRAC,Gotov proizvod,Metalni
14,142,NOA,NOA 90X200 krevet + madrac,136,KREVET+MADRAC,Gotov proizvod,Drveni
15,143,PALERMO,PALERMO 160X200 krevet + madrac,137,KREVET+MADRAC,Gotov proizvod,Drveni
16,144,TAXIM,TAXIM 180X200 krevet + madrac,138,KREVET+MADRAC,Gotov proizvod,Drveni
17,145,COCO,COCO 160X200 krevet + madrac,139,KREVET+MADRAC,Gotov proizvod,Drveni
18,146,LERY,LERY 160X200 krevet + madrac,140,KREVET+MADRAC,Gotov proizvod,Drveni
19,147,GRAND,GRAND 140X200 krevet + madrac,141,KREVET+MADRAC,Gotov proizvod,Drveni
20,148,NOA,NOA 160X200 krevet + madrac,142,KREVET+MADRAC,Gotov proizvod,Drveni
21,149,FLOCUS,FLOCUS 160X200 krevet + madrac,143,KREVET+MADRAC,Gotov proizvod,Drveni
22,150,FLOCUS,FLOCUS 180X200 krevet + madrac,144,KREVET+MADRAC,Gotov proizvod,Drveni
23,151,KRK,KRK 180X200 krevet + madrac,145,KREVET+MADRAC,Gotov proizvod,Drveni
24,153,ALFA,ALFA 160X200 krevet + madrac,147,KREVET+MADRAC,Gotov proizvod,Drveni
25,154,MARINA,MARINA 160X200 krevet + madrac,148,KREVET+MADRAC,Gotov proizvod,Drveni
26,155,MARINA,MARINA 180X200 krevet + madrac,149,KREVET+MADRAC,Gotov proizvod,Drveni
27,156,WALL,WALL 140X200 krevet + madrac,150,KREVET+MADRAC,Gotov proizvod,Drveni
28,157,EARTH,EARTH 160X200 krevet + madrac,151,KREVET+MADRAC,Gotov proizvod,Drveni
29,158,PRAG,PRAG 160x200 krevet + madrac,152,KREVET+MADRAC,Gotov proizvod,Drveni
30,159,GRAND,GRAND 160X200 krevet + madrac,153,KREVET+MADRAC,Gotov proizvod,Drveni
31,160,LUIS,LUIS 180X200 krevet + madrac,154,KREVET+MADRAC,Gotov proizvod,Drveni
32,161,LERY,LERY 120X200 krevet + madrac,155,KREVET+MADRAC,Gotov proizvod,Drveni
33,162,KRK,KRK 160X200 krevet + madrac,156,KREVET+MADRAC,Gotov proizvod,Drveni
34,163,ALINA,ALINA 180X200 krevet + madrac,157,KREVET+MADRAC,Gotov proizvod,Drveni
35,164,ALINA,ALINA 160X200 krevet + madrac,158,KREVET+MADRAC,Gotov proizvod,Drveni
36,165,ALINA,ALINA 140X200 krevet + madrac,159,KREVET+MADRAC,Gotov proizvod,Drveni
37,166,GRAND,GRAND 90X200 krevet + madrac,160,KREVET+MADRAC,Gotov proizvod,Drveni
38,167,BOND,BOND 180X200 krevet + madrac,161,KREVET+MADRAC,Gotov proizvod,Drveni
39,168,CANNES,CANNES 180X200 krevet + madrac,162,KREVET+MADRAC,Gotov proizvod,Drveni
40,169,EARTH,EARTH 180X200 krevet + madrac,163,KREVET+MADRAC,Gotov proizvod,Drveni
41,171,ADORA,ADORA 180X200 krevet + madrac,165,KREVET+MADRAC,Gotov proizvod,Drveni
42,172,BOND,BOND 180X200 madrac,166,MADRAC,Gotov proizvod,Drveni
43,173,CANNES,CANNES 180X200 madrac,167,MADRAC,Gotov proizvod,Drveni
44,174,EARTH,EARTH 180X200 madrac,168,MADRAC,Gotov proizvod,Drveni
45,175,GALIA,GALIA 160X200 madrac,169,MADRAC,Gotov proizvod,Drveni
46,176,ADORA,ADORA 180X200 madrac,170,MADRAC,Gotov proizvod,Drveni
47,177,PRAG,PRAG 180X200 madrac,171,MADRAC,Gotov proizvod,Drveni
48,178,GALIA,GALIA 180X200 madrac,172,MADRAC,Gotov proizvod,Drveni
49,179,ADORA,ADORA 160X200 madrac,173,MADRAC,Gotov proizvod,Drveni
50,180,BOND,BOND 160X200 madrac,174,MADRAC,Gotov proizvod,Drveni
51,181,PRAG,PRAG 160X200 madrac,175,MADRAC,Gotov proizvod,Drveni
52,182,CANNES,CANNES 160X200 madrac,176,MADRAC,Gotov proizvod,Drveni
53,183,KRK,KRK 180X200 madrac,177,MADRAC,Gotov proizvod,Drveni
54,233,BOND,BOND 160X200 krevet + madrac,227,KREVET+MADRAC,Gotov proizvod,Drveni
55,234,BONITA,BONITA 160X200 krevet + madrac,228,KREVET+MADRAC,Gotov proizvod,Drveni
56,235,BONITA,BONITA 180X200 krevet + madrac,229,KREVET+MADRAC,Gotov proizvod,Drveni
57,239,Madrac,Madrac Hopy 110x210,233,MADRAC,Gotov proizvod,Drveni
58,263,ALFA,ALFA 180X200 krevet + madrac,257,KREVET+MADRAC,Gotov proizvod,Drveni
59,264,COCO,COCO 180X200 krevet + madrac,258,KREVET+MADRAC,Gotov proizvod,Drveni
60,265,ELBA,ELBA 180X200 krevet + madrac,259,KREVET+MADRAC,Gotov proizvod,Drveni
61,266,ALINA,ALINA 200X200 krevet + madrac,260,KREVET+MADRAC,Gotov proizvod,Drveni
62,267,LERY,LERY 200X200 krevet + madrac,261,KREVET+MADRAC,Gotov proizvod,Drveni
63,268,PARIS,PARIS 180X200 krevet + madrac,262,KREVET+MADRAC,Gotov proizvod,Drveni
64,269,AGRO,AGRO 160X200 krevet + madrac,263,KREVET+MADRAC,Gotov proizvod,Drveni
65,271,GRAND,GRAND 120X200 krevet + madrac,265,KREVET+MADRAC,Gotov proizvod,Drveni
66,272,LERY,LERY 90X200 krevet + madrac,266,KREVET+MADRAC,Gotov proizvod,Drveni
67,273,LERY,LERY 160X200 madrac,267,MADRAC,Gotov proizvod,Drveni
68,274,SATURN,SATURN 160X200 krevet + madrac,268,KREVET+MADRAC,Gotov proizvod,Drveni
69,275,GRAND,GRAND 80X200 krevet + madrac,269,KREVET+MADRAC,Gotov proizvod,Drveni
70,276,LERY,LERY 180X200 krevet + madrac,270,KREVET+MADRAC,Gotov proizvod,Drveni
71,277,MOON,MOON 160X200 krevet + madrac,271,KREVET+MADRAC,Gotov proizvod,Metalni
72,278,PRAG,PRAG 180X200 krevet + madrac,272,KREVET+MADRAC,Gotov proizvod,Drveni
73,279,ALINA,ALINA 100X200 madrac,273,MADRAC,Gotov proizvod,Drveni
74,284,LUIS,LUIS 160X200 krevet + madrac,278,KREVET+MADRAC,Gotov proizvod,Drveni
75,298,TAXIM,TAXIM 160X200 krevet + madrac,291,KREVET+MADRAC,Gotov proizvod,Drveni
76,299,NOA,NOA 140X200 krevet + madrac,292,KREVET+MADRAC,Gotov proizvod,Drveni
77,300,COCO,COCO 200X200 krevet + madrac,293,KREVET+MADRAC,Gotov proizvod,Drveni
78,301,KRK,KRK 160X200 madrac,294,MADRAC,Gotov proizvod,Drveni
79,302,LORIS,LORIS 160x200 krevet + madrac,295,KREVET+MADRAC,Gotov proizvod,Drveni
80,303,LORIS,LORIS 180X200 krevet + madrac,296,KREVET+MADRAC,Gotov proizvod,Drveni
81,304,PIANNO,PIANNO 140X200 krevet,297,KREVET,Gotov proizvod,Drveni
82,305,PIANNO,PIANNO 160X200 krevet,298,KREVET,Gotov proizvod,Drveni
83,306,PIANNO,PIANNO 180X200 krevet,299,KREVET,Gotov proizvod,Drveni
84,314,GALILEO,GALILEO 160X200 krevet + madrac,307,KREVET+MADRAC,Gotov proizvod,Drveni
85,315,TAXIM,TAXIM 160X200 krevet,308,KREVET,Gotov proizvod,Drveni
86,316,LORD,LORD 180X200 krevet + madrac,309,KREVET+MADRAC,Gotov proizvod,Drveni
87,317,LORD,LORD 160X200 krevet + madrac,310,KREVET+MADRAC,Gotov proizvod,Drveni
88,318,WALL,WALL 140X200 madrac,311,MADRAC,Gotov proizvod,Drveni
89,319,WALL,WALL 120X200 madrac,312,MADRAC,Gotov proizvod,Drveni
90,320,AGRO,AGRO 160X200 madrac,313,MADRAC,Gotov proizvod,Drveni
91,321,ALINA,ALINA 200X200 krevet,314,KREVET,Gotov proizvod,Drveni
92,322,ATLAS,ATLAS 160X200 krevet + madrac,315,KREVET+MADRAC,Gotov proizvod,Drveni
93,323,NOA,NOA 120X200 krevet + madrac,316,KREVET+MADRAC,Gotov proizvod,Drveni
94,324,EARTH,EARTH 140X200 krevet + madrac,317,KREVET+MADRAC,Gotov proizvod,Drveni
95,328,GALIA,GALIA 160X200 krevet + madrac,321,KREVET+MADRAC,Gotov proizvod,Drveni
96,329,GALIA,GALIA 180X200 krevet + madrac,322,KREVET+MADRAC,Gotov proizvod,Drveni
97,330,NOA,NOA 160X200 madrac,323,MADRAC,Gotov proizvod,Drveni
98,343,GRAND,GRAND 140X200 krevet + madrac (iz 2 dijela),336,KREVET+MADRAC,Gotov proizvod,Drveni
99,344,ELBA,ELBA 140X200 krevet + madrac (iz 2 dijela),337,KREVET+MADRAC,Gotov proizvod,Drveni
100,345,GRAND,GRAND 180X200 madrac,338,MADRAC,Gotov proizvod,Drveni
101,346,GRAND,GRAND 160X200 madrac,339,MADRAC,Gotov proizvod,Drveni
102,348,PARIS,PARIS 200X200 krevet + madrac,341,KREVET+MADRAC,Gotov proizvod,Drveni
103,410,PARIS,PARIS 160X200 krevet,403,KREVET,Gotov proizvod,Drveni
104,411,PARIS,PARIS 160X200 madrac,404,MADRAC,Gotov proizvod,Drveni
105,412,GRAND,GRAND 180X200 krevet,405,KREVET,Gotov proizvod,Drveni
106,413,ALINA,ALINA 200X200 madrac,406,MADRAC,Gotov proizvod,Drveni
107,414,ALINA,ALINA 90X200 krevet + madrac,407,KREVET+MADRAC,Gotov proizvod,Drveni
108,416,HILTON,HILTON 120X200 krevet + madrac,409,KREVET+MADRAC,Gotov proizvod,Drveni
109,417,TAXIM,TAXIM 160X200 madrac,410,MADRAC,Gotov proizvod,Drveni
110,418,TAXIM,TAXIM 180X200 madrac,411,MADRAC,Gotov proizvod,Drveni
111,419,LUIS,LUIS 180X200 madrac,412,MADRAC,Gotov proizvod,Drveni
112,420,PALERMO,PALERMO 90X200 krevet + madrac,413,KREVET+MADRAC,Gotov proizvod,Drveni
113,436,ADORA,ADORA 160X200 krevet + madrac,429,KREVET+MADRAC,Gotov proizvod,Drveni
114,481,COCO,COCO 160X200 krevet,474,KREVET,Gotov proizvod,Drveni
115,482,MEXICO,MEXICO 180X200 krevet + madrac,475,KREVET+MADRAC,Gotov proizvod,Drveni
116,483,MEXICO,MEXICO 160X200 krevet + madrac,476,KREVET+MADRAC,Gotov proizvod,Drveni
117,498,ELBA,ELBA 200X200 madrac,491,MADRAC,Gotov proizvod,Drveni
118,499,MOON,MOON 140X200 krevet + madrac,492,KREVET+MADRAC,Gotov proizvod,Metalni
119,513,PLUTON,PLUTON 180X200 krevet + madrac,506,KREVET+MADRAC,Gotov proizvod,Drveni
120,568,ATLAS,ATLAS 180X200 krevet + madrac,561,KREVET+MADRAC,Gotov proizvod,Drveni
121,569,MOON,MOON 180X200 krevet + madrac,562,KREVET+MADRAC,Gotov proizvod,Metalni
122,575,MOON,MOON 140X200 krevet + madrac (iz 2 dijela),566,KREVET+MADRAC,Gotov proizvod,Metalni
123,576,PARIS,PARIS 140X200 krevet + madrac,567,KREVET+MADRAC,Gotov proizvod,Drveni
124,577,LERY,LERY 180X200 madrac,568,MADRAC,Gotov proizvod,Drveni
125,580,Metalna,Metalna konstrukcija,571,,Gotov proizvod,Metalni
126,586,SATURN,SATURN 180X200 madrac,577,MADRAC,Gotov proizvod,Drveni
127,587,ATLAS,ATLAS 180X200 madrac,578,MADRAC,Gotov proizvod,Drveni
128,588,ATLAS,ATLAS 160X200 madrac,579,MADRAC,Gotov proizvod,Drveni
129,590,SATURN,SATURN 160X200 madrac,581,MADRAC,Gotov proizvod,Drveni
130,592,CLOUD,CLOUD 160X200 krevet + madrac,583,KREVET+MADRAC,Gotov proizvod,Metalni
131,593,MOLY,MOLY 160X200 krevet + madrac,584,KREVET+MADRAC,Gotov proizvod,Metalni
132,594,MEGAN,MEGAN 160X200 krevet + madrac,585,KREVET+MADRAC,Gotov proizvod,Metalni
133,595,OSCAR,OSCAR 160X200 krevet + madrac,586,KREVET+MADRAC,Gotov proizvod,Drveni
134,596,NORA,NORA 160X200 veliki krevet + madrac,587,KREVET+MADRAC,Gotov proizvod,Metalni
135,597,ATOS,ATOS 160X200 krevet + madrac+latice,588,KREVET+MADRAC,Gotov proizvod,Drveni
136,599,PETRA,PETRA 160X200 krevet + toper,590,KREVET+MADRAC,Gotov proizvod,Drveni
137,600,BINGO,BINGO 160X200 krevet + toper,591,KREVET+MADRAC,Gotov proizvod,Drveni
138,642,CLOUD,CLOUD 160X200 baza + uzglavlje /,633,KREVET,Gotov proizvod,Metalni
139,643,CLOUD,CLOUD 160X200 madrac /,634,MADRAC,Gotov proizvod,Metalni
140,644,CLOUD,CLOUD 180X200 baza + uzglavlje /,635,KREVET,Gotov proizvod,Metalni
141,645,CLOUD,CLOUD 180X200 madrac /,636,MADRAC,Gotov proizvod,Metalni
142,646,ARES,ARES 160X200 baza + uzglavlje /,637,KREVET,Gotov proizvod,Metalni
143,647,ARES,ARES 160X200 madrac /,638,MADRAC,Gotov proizvod,Metalni
144,648,ARES,ARES 180X200 baza + uzglavlje /,639,KREVET,Gotov proizvod,Metalni
145,649,ARES,ARES 180X200 madrac /,640,MADRAC,Gotov proizvod,Metalni
146,650,BAREL,BAREL 160X200 baza + uzglavlje /,641,KREVET,Gotov proizvod,Metalni
147,651,BAREL,BAREL 160X200 madrac /,642,MADRAC,Gotov proizvod,Metalni
148,652,BAREL,BAREL 180X200 baza + uzglavlje /,643,KREVET,Gotov proizvod,Metalni
149,653,BAREL,BAREL 180X200 madrac /,644,MADRAC,Gotov proizvod,Metalni
150,654,CARIBI,CARIBI 160X200 baza  + uzglavlje /,645,KREVET,Gotov proizvod,Metalni
151,655,CARIBI,CARIBI 160X200 madrac /,646,MADRAC,Gotov proizvod,Metalni
152,656,CARIBI,CARIBI 180X200 baza + uzglavlje /,647,KREVET,Gotov proizvod,Metalni
153,657,CARIBI,CARIBI 180X200 madrac /,648,MADRAC,Gotov proizvod,Metalni
154,658,MOLY,MOLY 160X200 madrac,649,MADRAC,Gotov proizvod,Metalni
155,659,MOLY,MOLY 180X200 madrac,650,MADRAC,Gotov proizvod,Metalni
156,662,ADORA,ADORA 120X200 krevet + madrac,653,KREVET+MADRAC,Gotov proizvod,Drveni
157,663,AGRO,AGRO 120X200 krevet + madrac,654,KREVET+MADRAC,Gotov proizvod,Drveni
158,664,AGRO,AGRO 140X200 krevet + madrac,655,KREVET+MADRAC,Gotov proizvod,Drveni
159,665,ALFA,ALFA 120X200 krevet + madrac,656,KREVET+MADRAC,Gotov proizvod,Drveni
160,666,ALFA,ALFA 140X200 krevet + madrac,657,KREVET+MADRAC,Gotov proizvod,Drveni
161,667,ALINA,ALINA 120X200 krevet + madrac,658,KREVET+MADRAC,Gotov proizvod,Drveni
162,668,ATLAS,ATLAS 120X200 krevet + madrac,659,KREVET+MADRAC,Gotov proizvod,Drveni
163,669,ATLAS,ATLAS 140X200 krevet + madrac,660,KREVET+MADRAC,Gotov proizvod,Drveni
164,670,BOND,BOND 120X200 krevet + madrac,661,KREVET+MADRAC,Gotov proizvod,Drveni
165,671,BOND,BOND 140X200 krevet + madrac,662,KREVET+MADRAC,Gotov proizvod,Drveni
166,672,BONITA,BONITA 120X200 krevet + madrac,663,KREVET+MADRAC,Gotov proizvod,Drveni
167,673,BONITA,BONITA 140X200 krevet + madrac,664,KREVET+MADRAC,Gotov proizvod,Drveni
168,674,CANNES,CANNES 120X200 krevet + madrac,665,KREVET+MADRAC,Gotov proizvod,Drveni
169,675,CANNES,CANNES 140X200 krevet + madrac,666,KREVET+MADRAC,Gotov proizvod,Drveni
170,676,EARTH,EARTH 120X200 krevet + madrac,667,KREVET+MADRAC,Gotov proizvod,Drveni
171,677,ELBA,ELBA 120X200 krevet + madrac,668,KREVET+MADRAC,Gotov proizvod,Drveni
172,678,ELBA,ELBA 140X200 krevet + madrac,669,KREVET+MADRAC,Gotov proizvod,Drveni
173,679,FLOCUS,FLOCUS 120X200 krevet + madrac,670,KREVET+MADRAC,Gotov proizvod,Drveni
174,680,FLOCUS,FLOCUS 140X200 krevet + madrac,671,KREVET+MADRAC,Gotov proizvod,Drveni
175,681,GALIA,GALIA 120X200 krevet + madrac,672,KREVET+MADRAC,Gotov proizvod,Drveni
176,682,GALIA,GALIA 140X200 krevet + madrac,673,KREVET+MADRAC,Gotov proizvod,Drveni
177,683,GALILEO,GALILEO 120x200 krevet + madrac,674,KREVET+MADRAC,Gotov proizvod,Drveni
178,684,GALILEO,GALILEO 140X200 krevet + madrac,675,KREVET+MADRAC,Gotov proizvod,Drveni
179,685,KRK,KRK 120X200 krevet + madrac,676,KREVET+MADRAC,Gotov proizvod,Drveni
180,686,KRK,KRK 140X200 krevet + madrac,677,KREVET+MADRAC,Gotov proizvod,Drveni
181,687,LORD,LORD 120X200 krevet + madrac,678,KREVET+MADRAC,Gotov proizvod,Drveni
182,688,LORD,LORD 140X200 krevet + madrac,679,KREVET+MADRAC,Gotov proizvod,Drveni
183,689,LUIS,LUIS 120X200 krevet + madrac,680,KREVET+MADRAC,Gotov proizvod,Drveni
184,690,LUIS,LUIS 140X200 krevet + madrac,681,KREVET+MADRAC,Gotov proizvod,Drveni
185,691,MOON,MOON 120X200 krevet + madrac,682,KREVET+MADRAC,Gotov proizvod,Metalni
186,692,PALERMO,PALERMO 120X200 krevet + madrac,683,KREVET+MADRAC,Gotov proizvod,Drveni
187,693,PALERMO,PALERMO 140X200 krevet + madrac,684,KREVET+MADRAC,Gotov proizvod,Drveni
188,694,PARIS,PARIS 120X200 krevet + madrac,685,KREVET+MADRAC,Gotov proizvod,Drveni
189,695,PLUTON,PLUTON 120X200 krevet + madrac,686,KREVET+MADRAC,Gotov proizvod,Drveni
190,696,PLUTON,PLUTON 140X200 krevet + madrac,687,KREVET+MADRAC,Gotov proizvod,Drveni
191,697,PRAG,PRAG 120X200 krevet + madrac,688,KREVET+MADRAC,Gotov proizvod,Drveni
192,698,PRAG,PRAG 140X200 krevet + madrac,689,KREVET+MADRAC,Gotov proizvod,Drveni
193,699,SATURN,SATURN 120X200 krevet + madrac,690,KREVET+MADRAC,Gotov proizvod,Drveni
194,700,SATURN,SATURN 140X200 krevet + madrac,691,KREVET+MADRAC,Gotov proizvod,Drveni
195,701,TAXIM,TAXIM 120X200 krevet + madrac,692,KREVET+MADRAC,Gotov proizvod,Drveni
196,702,TAXIM,TAXIM 140X200 krevet + madrac,693,KREVET+MADRAC,Gotov proizvod,Drveni
197,703,ADORA,ADORA 140X200 krevet + madrac,694,KREVET+MADRAC,Gotov proizvod,Drveni
343,704,SATURN,SATURN 180X200 krevet + madrac,695,KREVET+MADRAC,Gotov proizvod,Drveni
344,717,CARMEN,CARMEN 160X200 baza + uzglavlje,708,KREVET,Gotov proizvod,Metalni
345,718,CARMEN,CARMEN 160X200 madrac,709,MADRAC,Gotov proizvod,Metalni
346,719,CARMEN,CARMEN 180X200 baza + uzglavlje,710,KREVET,Gotov proizvod,Metalni
347,720,CARMEN,CARMEN 180X200 madrac,711,MADRAC,Gotov proizvod,Metalni
348,721,CARMEN,CARMEN 140X200 baza + uzglavlje,712,KREVET,Gotov proizvod,Metalni
349,722,CARMEN,CARMEN 140X200 madrac,713,MADRAC,Gotov proizvod,Metalni
350,723,CARMEN,CARMEN 90X200 baza + uzglavlje,714,KREVET,Gotov proizvod,Metalni
351,724,CARMEN,CARMEN 90X200 madrac,715,MADRAC,Gotov proizvod,Metalni
352,725,VERONA,VERONA 160x200 baza + uzglavlje,716,KREVET,Gotov proizvod,Metalni
353,726,VERONA,VERONA 160X200 madrac,717,MADRAC,Gotov proizvod,Metalni
354,727,VERONA,VERONA 180X200 baza + uzglavlje,718,KREVET,Gotov proizvod,Metalni
355,728,VERONA,VERONA 180X200 madrac,719,MADRAC,Gotov proizvod,Metalni
356,729,NORA,NORA 160X200 baza + uzglavlje,720,KREVET,Gotov proizvod,Metalni
357,730,NORA,NORA 160X200 madrac,721,MADRAC,Gotov proizvod,Metalni
358,731,NORA,NORA 180X200 baza + uzglavlje,722,KREVET,Gotov proizvod,Metalni
359,732,NORA,NORA 180X200 MADRAC,723,MADRAC,Gotov proizvod,Metalni
360,733,NORA,NORA 140X200 baza + uzglavlje,724,KREVET,Gotov proizvod,Metalni
361,734,NORA,NORA 140X200 madrac,725,MADRAC,Gotov proizvod,Metalni
362,735,NORA,NORA 90X200 baza + uzglavlje,726,KREVET,Gotov proizvod,Metalni
363,736,NORA,NORA 90X200 madrac,727,MADRAC,Gotov proizvod,Metalni
364,737,MURSAN,MURSAN 160X200 baza + uzglavlje,728,KREVET,Gotov proizvod,Metalni
365,738,MURSAN,MURSAN 160X200 madrac,729,MADRAC,Gotov proizvod,Metalni
366,739,MURSAN,MURSAN 180X200 baza + uzglavlje,730,KREVET,Gotov proizvod,Metalni
367,740,MURSAN,MURSAN 180x200 madrac,731,MADRAC,Gotov proizvod,Metalni
368,741,MURSAN,MURSAN 140X200 baza + uzglavlje,732,KREVET,Gotov proizvod,Metalni
369,742,MURSAN,MURSAN 140X200 madrac,733,MADRAC,Gotov proizvod,Metalni
370,743,MURSAN,MURSAN 90X200 baza + uzglavlje,734,KREVET,Gotov proizvod,Metalni
371,744,MURSAN,MURSAN 90X200 madrac,735,MADRAC,Gotov proizvod,Metalni
372,745,LUNA,LUNA 160X200 baza + uzglavlje,736,KREVET,Gotov proizvod,Metalni
373,746,LUNA,LUNA 160X200 madrac,737,MADRAC,Gotov proizvod,Metalni
374,747,LUNA,LUNA 180X200 baza + uzglavlje,738,KREVET,Gotov proizvod,Metalni
375,748,LUNA,LUNA 180X200 madrac,739,MADRAC,Gotov proizvod,Metalni
376,749,LUNA,LUNA 140X200 baza + uzglavlje,740,KREVET,Gotov proizvod,Metalni
377,750,LUNA,LUNA 140X200 madrac,741,MADRAC,Gotov proizvod,Metalni
378,751,LUNA,LUNA 90X200 baza + uzglavlje,742,KREVET,Gotov proizvod,Metalni
379,752,LUNA,LUNA 90X200 madrac,743,MADRAC,Gotov proizvod,Metalni
380,753,VERONA,VERONA 80X200 baza + uzglavlje,744,KREVET,Gotov proizvod,Metalni
381,754,MURSAN,MURSAN 80X200 madrac,745,MADRAC,Gotov proizvod,Metalni
382,755,,BAZA 90X190,746,BAZA,Gotov proizvod,Metalni
383,772,MOON,MOON M 160X200 krevet + madrac /,763,KREVET+MADRAC,Gotov proizvod,Metalni
384,773,MOON,MOON M 180X200 krevet + madrac /,764,KREVET+MADRAC,Gotov proizvod,Metalni
385,774,EVA,EVA 160X200  krevet + madrac /,765,KREVET+MADRAC,Gotov proizvod,Metalni
386,775,EVA,EVA 180X200 krevet + madrac /,766,KREVET+MADRAC,Gotov proizvod,Metalni
387,776,NORA,NORA 160X200 krevet + madrac /,767,KREVET+MADRAC,Gotov proizvod,Metalni
388,777,NORA,NORA 180X200 krevet + madrac /,768,KREVET+MADRAC,Gotov proizvod,Metalni
389,778,CARMEN,CARMEN 160X200 krevet + madrac /,769,KREVET+MADRAC,Gotov proizvod,Metalni
390,780,GOLD,GOLD 160X200 krevet + madrac /,771,KREVET+MADRAC,Gotov proizvod,Metalni
391,781,GOLD,GOLD 180X200 krevet + madrac /,772,KREVET+MADRAC,Gotov proizvod,Metalni
392,785,MURSAN,MURSAN 180X200 MADRAC,775,MADRAC,Gotov proizvod,Metalni
393,786,MURSAN,MURSAN 160X200 MADRAC,776,MADRAC,Gotov proizvod,Metalni
394,787,MURSAN,MURSAN 140X200 MADRAC,777,MADRAC,Gotov proizvod,Metalni
395,789,MURSAN,MURSAN 160X200 UZGLAVLJE,779,UZGLAVLJE,Gotov proizvod,Metalni
396,790,MURSAN,MURSAN 160X200 BAZA,780,BAZA,Gotov proizvod,Metalni
397,791,MURSAN,MURSAN 160X200 MADRAC,781,MADRAC,Gotov proizvod,Metalni
398,792,VERDI,VERDI 160X200 UZGLAVLJE,782,UZGLAVLJE,Gotov proizvod,Metalni
399,793,VERDI,VERDI 160X200 BAZA,783,BAZA,Gotov proizvod,Metalni
400,794,VERDI,VERDI 160X200 MADRAC,784,MADRAC,Gotov proizvod,Metalni
401,795,CARMEN,CARMEN 180X200 K+M,785,KREVET+MADRAC,Gotov proizvod,Metalni
402,796,CARMEN,CARMEN 120X200 K+M,786,KREVET+MADRAC,Gotov proizvod,Metalni
403,813,VERONA,VERONA 180X200 UZGLAVLJE,803,UZGLAVLJE,Gotov proizvod,Metalni
404,817,VERONA,VERONA 180X200 BAZA,807,BAZA,Gotov proizvod,Metalni
405,818,CARMEN,CARMEN 180X200 MADRAC,808,MADRAC,Gotov proizvod,Metalni
406,825,CARMEN,CARMEN 180X200 krevet + madrac /,815,KREVET+MADRAC,Gotov proizvod,Metalni
407,839,CARMEN,CARMEN 160X200 krevet + madrac,829,KREVET+MADRAC,Gotov proizvod,Metalni
408,840,LUNA,LUNA 160X200 K+M,830,KREVET+MADRAC,Gotov proizvod,Metalni
409,841,EVA,EVA 160X200 K+M,831,KREVET+MADRAC,Gotov proizvod,Metalni
410,842,GOLD,GOLD 160X200 K+M,832,KREVET+MADRAC,Gotov proizvod,Metalni
411,843,NORA,NORA 160X200 K+M,833,KREVET+MADRAC,Gotov proizvod,Metalni
412,844,VERDI,VERDI 160X200 K+M,834,KREVET+MADRAC,Gotov proizvod,Metalni
413,845,MOON,MOON 160X200 K+M,835,KREVET+MADRAC,Gotov proizvod,Metalni
414,846,STAR,STAR 160X200 K+M,836,KREVET+MADRAC,Gotov proizvod,Metalni
415,847,MURSAN,MURSAN 160X200 K+M,837,KREVET+MADRAC,Gotov proizvod,Metalni
416,848,VERONA,VERONA 160X200 K+M,838,KREVET+MADRAC,Gotov proizvod,Metalni
417,862,BAREL,BAREL 90X200 baza + uzglavlje /,852,KREVET,Gotov proizvod,Metalni
418,863,BAREL,BAREL 90X200 madrac /,853,MADRAC,Gotov proizvod,Metalni
419,911,NOA,NOA 180X200 madrac,900,MADRAC,Gotov proizvod,Drveni
420,912,GRAND,GRAND 160X200 krevet,901,KREVET,Gotov proizvod,Drveni
421,913,WALL,WALL 140X200 krevet,902,KREVET,Gotov proizvod,Drveni
422,914,GALILEO,GALILEO 200X200 krevet + madrac,903,KREVET+MADRAC,Gotov proizvod,Drveni
423,915,LUIS,LUIS 200X200 krevet + madrac,904,KREVET+MADRAC,Gotov proizvod,Drveni
424,916,COCO,COCO 160X200 madrac,905,MADRAC,Gotov proizvod,Drveni
425,917,COCO,COCO 180X200 madrac,906,MADRAC,Gotov proizvod,Drveni
426,918,COCO,COCO 120X200 krevet + madrac,907,KREVET+MADRAC,Gotov proizvod,Drveni
427,919,GRAND,GRAND 140X200 krevet,908,KREVET,Gotov proizvod,Drveni
428,920,GRAND,GRAND 90X200 krevet,909,KREVET,Gotov proizvod,Drveni
429,921,COCO,COCO 90X200 krevet,910,KREVET,Gotov proizvod,Drveni
430,922,TAXIM,TAXIM 140X200 madrac,911,MADRAC,Gotov proizvod,Drveni
431,926,ALINA,ALINA 180X200 madrac,915,MADRAC,Gotov proizvod,Drveni
432,927,EARTH,EARTH 90X200 krevet + madrac,916,KREVET+MADRAC,Gotov proizvod,Drveni
433,928,FLOCUS,FLOCUS 180X200 madrac,917,MADRAC,Gotov proizvod,Drveni
434,929,LUIS,LUIS 90X200 krevet + madrac,918,KREVET+MADRAC,Gotov proizvod,Drveni
435,930,MOON,MOON 90X200 krevet + madrac,919,KREVET+MADRAC,Gotov proizvod,Metalni
436,931,FLOCUS,FLOCUS 160X200 madrac,920,MADRAC,Gotov proizvod,Drveni
437,932,FLOCUS,FLOCUS 160X200 krevet,921,KREVET,Gotov proizvod,Drveni
438,933,PLUTON,PLUTON 90X200 krevet + madrac,922,KREVET+MADRAC,Gotov proizvod,Drveni
439,934,NORA,NORA 140X200 BAZA + UZGLAVLJE,923,KREVET,Gotov proizvod,Metalni
440,935,NORA,NORA 140X200 MADRAC,924,MADRAC,Gotov proizvod,Metalni
441,936,VERDI,VERDI 160X200 BAZA + UZGLAVLJE,925,KREVET,Gotov proizvod,Metalni
442,937,VERDI,VERDI 160X200 MADRAC,926,MADRAC,Gotov proizvod,Metalni
443,965,NATURAL,NATURAL LUXURY 180X200 baza + uzglavlje /,954,KREVET,Gotov proizvod,Metalni
444,966,NATURAL,NATURAL LUXURY 180X200 madrac /,955,MADRAC,Gotov proizvod,Metalni
445,967,NATURAL,NATURAL LUXURY 180X200 baza + uzglavlje /,956,KREVET,Gotov proizvod,Metalni
446,968,NATURAL,NATURAL LUXURY 180X200 madrac /,957,MADRAC,Gotov proizvod,Metalni
447,973,CARIBI,CARIBI 140X200 baza + uzglavlje /,962,KREVET,Gotov proizvod,Metalni
448,974,CARIBI,CARIBI 140X200 madrac /,963,MADRAC,Gotov proizvod,Metalni
449,975,CARIBI,CARIBI 90X200 baza + uzglavlje /,964,KREVET,Gotov proizvod,Metalni
450,976,CARIBI,CARIBI 90X200 madrac /,965,MADRAC,Gotov proizvod,Metalni
451,977,BAREL,BAREL 140X200 baza + uzglavlje /,966,KREVET,Gotov proizvod,Metalni
452,978,BAREL,BAREL 140x200 madrac /,967,MADRAC,Gotov proizvod,Metalni
453,979,,JASTUČNICA SORO 100,968,,Gotov proizvod,Drveni
454,980,,JASTUČNICA SORO 97,969,,Gotov proizvod,Drveni
455,981,,JASTUČNICA SORO 95,970,,Gotov proizvod,Drveni
456,982,,JASTUČNICA SORO 86,971,,Gotov proizvod,Drveni
457,983,,JASTUČNICA MATT VELVET 97,972,,Gotov proizvod,Drveni
458,984,,JASTUČNICA MATT VELVET 74,973,,Gotov proizvod,Drveni
459,985,,JASTUČNICA LINCOLN 03,974,,Gotov proizvod,Drveni
460,986,,JASTUČNICA TILIA 01,975,,Gotov proizvod,Drveni
461,987,,JASTUČNICA MATT VELVET 85,976,,Gotov proizvod,Drveni
462,988,,JASTUČNICA SORO 91,977,,Gotov proizvod,Drveni
463,1000,VERONA,VERONA 90X200 baza + uzglavlje,989,KREVET,Gotov proizvod,Metalni
464,1001,VERONA,VERONA 120X200 baza + uzglavlje,990,KREVET,Gotov proizvod,Metalni
465,1002,NORA,NORA 100X210 uzglavlje,991,UZGLAVLJE,Gotov proizvod,Metalni
466,1011,ARES,ARES 90X200 baza + uzglavlje /,1000,KREVET,Gotov proizvod,Metalni
467,1012,ARES,ARES 90X200 madrac /,1001,MADRAC,Gotov proizvod,Metalni
468,1013,PARIS,PARIS 90X200 krevet + madrac,1002,KREVET+MADRAC,Gotov proizvod,Drveni
469,1014,PLUTON,PLUTON 160X200 krevet,1003,KREVET,Gotov proizvod,Drveni
470,1015,KRK,KRK 180X200 krevet,1004,KREVET,Gotov proizvod,Drveni
471,1016,ELBA,ELBA 160X200 madrac,1005,MADRAC,Gotov proizvod,Drveni
472,1017,ALFA,ALFA 90X200 krevet + madrac,1006,KREVET+MADRAC,Gotov proizvod,Drveni
473,1018,COCO,COCO 200X200 madrac,1007,MADRAC,Gotov proizvod,Drveni
474,1019,PALERMO,PALERMO 120X200 madrac,1008,MADRAC,Gotov proizvod,Drveni
475,1020,MARINA,MARINA 160X200 madrac,1009,MADRAC,Gotov proizvod,Drveni
476,1021,ROMEO,ROMEO 160X200 krevet + madrac,1010,KREVET+MADRAC,Gotov proizvod,Drveni
477,1022,HILTON,HILTON 160X200 krevet + madrac,1011,KREVET+MADRAC,Gotov proizvod,Drveni
478,1023,HILTON,HILTON 180X200 krevet + madrac,1012,KREVET+MADRAC,Gotov proizvod,Drveni
479,1029,GRAND,GRAND 90X200 madrac,1018,MADRAC,Gotov proizvod,Drveni
480,1030,FLOCUS,FLOCUS 180X200 krevet,1019,KREVET,Gotov proizvod,Drveni
481,1031,MARINA,MARINA 160X200 krevet,1020,KREVET,Gotov proizvod,Drveni
482,1032,KRK,KRK 160X200 uzglavlje,1021,UZGLAVLJE,Gotov proizvod,Drveni
483,1033,GRAND,GRAND 160X200 uzglavlje,1022,UZGLAVLJE,Gotov proizvod,Drveni
484,1034,PALERMO,PALERMO 160X200 L+D SANDUK,1023,BAZA,Gotov proizvod,Drveni
485,1035,PALERMO,PALERMO 90X200 D SANDUK,1024,,Gotov proizvod,Drveni
486,1036,FLOCUS,FLOCUS 180X200 L+D SANDUK,1025,,Gotov proizvod,Drveni
487,1037,ADORA,ADORA 160X200 D SANDUK,1026,BAZA,Gotov proizvod,Drveni
488,1038,WALL,WALL JASTUCI,1027,,Gotov proizvod,Drveni
489,1039,CANNES,CANNES 160X200 D SANDUK,1028,,Gotov proizvod,Drveni
490,1040,NOA,NOA 180X200 uzglavlje,1029,UZGLAVLJE,Gotov proizvod,Drveni
491,1041,CANNES,CANNES 160X200 L+D SANDUK,1030,BAZA,Gotov proizvod,Drveni
492,1042,PALERMO,PALERMO 180X200 L+D SANDUK,1031,BAZA,Gotov proizvod,Drveni
493,1043,PLUTON,PLUTON 180X200 L+D SANDUK,1032,BAZA,Gotov proizvod,Drveni
494,1044,PALERMO,PALERMO 160X200 D SANDUK,1033,,Gotov proizvod,Drveni
495,1045,CANNES,CANNES 180X200 L SANDUK + NADSANDUK,1034,,Gotov proizvod,Drveni
496,1046,NOA,NOA 160X200 uzglavlje,1035,UZGLAVLJE,Gotov proizvod,Drveni
497,1047,TAXIM,TAXIM 160X200 uzglavlje,1036,UZGLAVLJE,Gotov proizvod,Drveni
498,1048,PARIS,PARIS 180X200 uzglavlje,1037,UZGLAVLJE,Gotov proizvod,Drveni
499,1049,LERY,LERY 160X200 uzglavlje,1038,UZGLAVLJE,Gotov proizvod,Drveni
500,1050,FLOCUS,FLOCUS 160X200 uzglavlje,1039,UZGLAVLJE,Gotov proizvod,Drveni
501,1051,GRAND,GRAND 180X200 uzglavlje,1040,UZGLAVLJE,Gotov proizvod,Drveni
502,1052,,JASTUK 45X45 SORTO,1041,,Gotov proizvod,Drveni
503,1053,,KRK JASTUCI,1042,,Gotov proizvod,Drveni
504,1054,COCO,COCO 180X200 uzglavlje,1043,UZGLAVLJE,Gotov proizvod,Drveni
505,1055,KRK,KRK 180X200 uzglavlje,1044,UZGLAVLJE,Gotov proizvod,Drveni
506,1056,GRAND,GRAND 120X200 uzglavlje,1045,UZGLAVLJE,Gotov proizvod,Drveni
507,1057,NORA,NORA 180X200 baza,1046,BAZA,Gotov proizvod,Metalni
508,1058,NORA,NORA 180X200 uzglavlje,1047,UZGLAVLJE,Gotov proizvod,Metalni
509,1059,GRAND,GRAND 140X200 L+D BAZA,1048,BAZA,Gotov proizvod,Drveni
510,1060,HILTON,HILTON 200X200 uzglavlje,1049,UZGLAVLJE,Gotov proizvod,Drveni
511,1061,KRK,KRK 180X200 L+D baza,1050,BAZA,Gotov proizvod,Drveni
512,1062,BOSFOR,BOSFOR 180X200 L+D SANDUK,1051,BAZA,Gotov proizvod,Drveni
513,1065,NORA,NORA 180X200 madrac,1054,MADRAC,Gotov proizvod,Metalni
514,1067,CARIBI,CARIBI 200X200 baza + uzglavlje /,1056,KREVET,Gotov proizvod,Metalni
515,1068,CARIBI,CARIBI 200X200 madrac /,1057,MADRAC,Gotov proizvod,Metalni
516,1069,KRK,KRK 160X200 SANDUK,1058,BAZA,Gotov proizvod,Drveni
517,1072,KRK,KRK 180X200 SANDUK,1061,BAZA,Gotov proizvod,Drveni
518,1073,PIANNO,PIANNO 160X200 NADSANDUK,1062,,Gotov proizvod,Drveni
519,1106,GRAND,GRAND 140X200 madrac,1094,MADRAC,Gotov proizvod,Drveni
520,1107,ARES,ARES 160X200 LIJEVA BAZA /,1095,BAZA,Gotov proizvod,Metalni
521,1108,PALERMO,PALERMO M 160X200 krevet + madrac,1096,KREVET+MADRAC,Gotov proizvod,Metalni
522,1109,PALERMO,PALERMO M 140X200 krevet + madrac,1097,KREVET+MADRAC,Gotov proizvod,Metalni
523,1110,LUNA,LUNA 160X200 BAZA + UZGLAVLJE,1098,KREVET,Gotov proizvod,Metalni
524,1111,VERONA,VERONA 160X200 BAZA + UZGLAVLJE,1099,KREVET,Gotov proizvod,Metalni
525,1112,VERONA,VERONA 180X200 BAZA + UZGLAVLJE,1100,KREVET,Gotov proizvod,Metalni
526,1113,VERONA,VERONA 160X200 MADRAC,1101,MADRAC,Gotov proizvod,Metalni
527,1114,VERONA,VERONA 180X200 MADRAC,1102,MADRAC,Gotov proizvod,Metalni
528,1115,LUNA,LUNA 180X200 BAZA + UZGLAVLJE,1103,KREVET,Gotov proizvod,Metalni
529,1116,ŠTEPANO,ŠTEPANO UZGLAVLJE CANNES 180X200 HELENA,1104,,Gotov proizvod,Drveni
530,1117,ŠTEPANO,ŠTEPANO UZGLAVLJE CANNES 140X200 LORIS,1105,,Gotov proizvod,Drveni
531,1118,ŠTEPANO,ŠTEPANO UZGLAVLJE GRAND 160X200 LORIS,1106,,Gotov proizvod,Drveni
532,1119,ŠTEPANO,ŠTEPANO UZGLAVLJE GALIA 180X200 HELENA,1107,,Gotov proizvod,Drveni
533,1120,ŠTEPANO,ŠTEPANO UZGLAVLJE GALIA 160X200 HELENA,1108,,Gotov proizvod,Drveni
534,1121,CLOUD,CLOUD 180X200 BAZA + UZGLAVLJE,1109,KREVET,Gotov proizvod,Metalni
535,1122,CLOUD,CLOUD 180X200 MADRAC,1110,MADRAC,Gotov proizvod,Metalni
536,1123,BAREL,BAREL 180X200 BAZA + UZGLAVLJE,1111,KREVET,Gotov proizvod,Metalni
537,1124,BAREL,BAREL 180X200 MADRAC,1112,MADRAC,Gotov proizvod,Metalni
538,1125,ARES,ARES 160X200 BAZA + UZGLAVLJE,1113,KREVET,Gotov proizvod,Metalni
539,1126,ARES,ARES 160X200 MADRAC,1114,MADRAC,Gotov proizvod,Metalni
540,1127,ARES,ARES 180X200 BAZA + UZGLAVLJE,1115,KREVET,Gotov proizvod,Metalni
541,1128,ARES,ARES 180X200 MADRAC,1116,MADRAC,Gotov proizvod,Metalni
542,1129,LUNA,LUNA 160X200 baza + uzglavlje - MISTERIO 80,1117,KREVET,Gotov proizvod,Metalni
543,1130,LUNA,LUNA 160X200 madrac - MISTERIO 80,1118,MADRAC,Gotov proizvod,Metalni
544,1131,VERONA,VERONA 160X200 baza + uzglavlje - TODAY 03,1119,KREVET,Gotov proizvod,Metalni
545,1132,VERONA,VERONA 160x200 madrac - TODAY 03,1120,MADRAC,Gotov proizvod,Metalni
546,1133,CARMEN,CARMEN 160X200 baza + uzglavlje - TODAY 13,1121,KREVET,Gotov proizvod,Metalni
547,1134,CARMEN,CARMEN 160X200 madrac - TODAY 13,1122,MADRAC,Gotov proizvod,Metalni
548,1135,EVA,EVA 160X200 baza + uzglavlje,1123,KREVET,Gotov proizvod,Metalni
549,1136,RIVIERA,RIVIERA 160X200 madrac - RIVIERA 13,1124,MADRAC,Gotov proizvod,Drveni
550,1137,MOON,MOON 160X200 baza + uzglavlje - PERFECT HARMONY 01,1125,KREVET,Gotov proizvod,Metalni
551,1138,MOON,MOON 160X200 madrac - PERFECT HARMONY 01,1126,MADRAC,Gotov proizvod,Metalni
552,1139,BUBBLE,BUBBLE 160X200 baza + uzglavlje - QUELLE 03,1127,KREVET,Gotov proizvod,Metalni
553,1140,BUBBLE,BUBBLE 160X200 madrac - QUELLE 03,1128,MADRAC,Gotov proizvod,Metalni
554,1141,EVA,EVA 160X200 madrac,1129,MADRAC,Gotov proizvod,Metalni
555,1145,ŠTEPANO,ŠTEPANO UZGLAVLJE CANNES 160X200 HELENA,1133,,Gotov proizvod,Drveni
556,1147,CLOUD,CLOUD 140X200 baza  + uzglavlje /,1135,KREVET,Gotov proizvod,Metalni
557,1148,CLOUD,CLOUD 140X200 madrac /,1136,MADRAC,Gotov proizvod,Metalni
558,1149,BAREL,BAREL 120X200 baza + uzglavlje /,1137,KREVET,Gotov proizvod,Metalni
559,1150,BAREL,BAREL 120X200 madrac /,1138,MADRAC,Gotov proizvod,Metalni
560,1151,CLOUD,CLOUD 120X200 baza + uzglavlje /,1139,KREVET,Gotov proizvod,Metalni
561,1152,CLOUD,CLOUD 120X200 madrac /,1140,MADRAC,Gotov proizvod,Metalni
562,1153,WALL,WALL 140X200 uzglavlje,1141,UZGLAVLJE,Gotov proizvod,Drveni
563,1154,TAXIM,TAXIM 180X200 uzglavlje,1142,UZGLAVLJE,Gotov proizvod,Drveni
564,1164,ALINA,ALINA 180X200 uzglavlje,1152,UZGLAVLJE,Gotov proizvod,Drveni
565,1165,ARES,ARES 160X200 baza,1153,BAZA,Gotov proizvod,Metalni
566,1166,ARES,ARES 160X200 UZGLAVLJE,1154,UZGLAVLJE,Gotov proizvod,Metalni
567,1167,BAREL,BAREL 160X200 baza,1155,BAZA,Gotov proizvod,Metalni
568,1169,ATLAS,ATLAS 160X200 krevet,1157,KREVET,Gotov proizvod,Drveni
569,1173,NOA,NOA 120X200 uzglavlje,1161,UZGLAVLJE,Gotov proizvod,Drveni
570,1174,PALERMO,PALERMO M 180X200 krevet + madrac,1162,KREVET+MADRAC,Gotov proizvod,Metalni
571,1176,GRAND,GRAND 160X200 L+D sanduk,1164,BAZA,Gotov proizvod,Drveni
572,1177,PLUTON,PLUTON 180X200 madrac,1165,MADRAC,Gotov proizvod,Drveni
573,1178,CARMEN,CARMEN 160X200 baza,1166,BAZA,Gotov proizvod,Metalni
574,1179,CLOUD,CLOUD 160X200 uzglavlje,1167,UZGLAVLJE,Gotov proizvod,Metalni
575,1180,CLOUD,CLOUD 180X200 baza,1168,BAZA,Gotov proizvod,Metalni
576,1181,GALILEO,GALILEO 180X200 uzglavlje,1169,UZGLAVLJE,Gotov proizvod,Drveni
577,1182,GALILEO,GALILEO 180X200 uzglavlje + madrac,1170,UZGLAVLJE+MADRAC,Gotov proizvod,Drveni
578,1183,GOLD,GOLD 160X200 madrac,1171,MADRAC,Gotov proizvod,Metalni
579,1184,GOLD,GOLD 180X200 baza + uzglavlje,1172,KREVET,Gotov proizvod,Metalni
580,1185,GOLD,GOLD 180X200 madrac,1173,MADRAC,Gotov proizvod,Metalni
581,1186,HELENA,HELENA 160X200 baza + uzglavlje,1174,KREVET,Gotov proizvod,Metalni
582,1187,HELENA,HELENA 180X200 baza + uzglavlje,1175,KREVET,Gotov proizvod,Metalni
583,1188,MOON,MOON 160X200 baza,1176,BAZA,Gotov proizvod,Metalni
584,1189,MOON,MOON 160X200 madrac,1177,MADRAC,Gotov proizvod,Metalni
585,1190,NATURAL,NATURAL 180X200  baza,1178,BAZA,Gotov proizvod,Metalni
586,1191,PALERMO,PALERMO 160X200 madrac,1179,MADRAC,Gotov proizvod,Drveni
587,1192,PALERMO,PALERMO 160X200 uzglavlje,1180,UZGLAVLJE,Gotov proizvod,Drveni
588,1193,WALL,WALL 140X200 baza + uzglavlje,1181,KREVET,Gotov proizvod,Drveni
589,1194,GRAND,GRAND 80X200 madrac,1182,MADRAC,Gotov proizvod,Drveni
590,1195,BINGO,BINGO 160X200 krevet,1183,KREVET,Gotov proizvod,Drveni
591,1196,BAREL,BAREL 160X200 uzglavlje,1184,UZGLAVLJE,Gotov proizvod,Metalni
592,1197,LUIS,LUIS 100X200 krevet + madrac,1185,KREVET+MADRAC,Gotov proizvod,Drveni
593,1198,PLUTON,PLUTON 160X200 L+D SANDUK,1186,BAZA,Gotov proizvod,Drveni
594,1200,BAREL,BAREL 100X200 baza + uzglavlje /,1188,KREVET,Gotov proizvod,Metalni
595,1201,BAREL,BAREL 100X200 madrac /,1189,MADRAC,Gotov proizvod,Metalni
596,1202,CLOUD,CLOUD 200X200 baza + uzglavlje /,1190,KREVET,Gotov proizvod,Metalni
597,1203,CLOUD,CLOUD 200X200 madrac /,1191,MADRAC,Gotov proizvod,Metalni
598,1204,DEREAM,DREAM 160X200 baza + uzglavlje,1192,KREVET,Gotov proizvod,Metalni
599,1205,MILANO,MILANO 160X200 baza + uzglavlje,1193,KREVET,Gotov proizvod,Metalni
600,1207,VERONA,VERONA 90X200 madrac,1194,MADRAC,Gotov proizvod,Metalni
601,1208,ARES,ARES 140X200 baza + uzglavlje /,1195,KREVET,Gotov proizvod,Metalni
602,1209,ARES,ARES 140X200 madrac /,1196,MADRAC,Gotov proizvod,Metalni
603,1210,SARAY,SARAY 160X200 baza + uzglavlje /,1197,KREVET,Gotov proizvod,Metalni
604,1211,SARAY,SARAY 160X200 madrac /,1198,MADRAC,Gotov proizvod,Metalni
605,1212,HELENA,HELENA 160X200 krevet + madrac,1199,KREVET+MADRAC,Gotov proizvod,Metalni
606,1222,CLOUD,CLOUD 90X200 baza + uzglavlje /,1209,KREVET,Gotov proizvod,Metalni
607,1223,CLOUD,CLOUD 90X200 madrac /,1210,MADRAC,Gotov proizvod,Metalni
608,1227,MOON,MOON 160X200 baza + uzglavlje,1213,KREVET,Gotov proizvod,Metalni
609,1228,MOON,MOON 160X200 madrac,1214,MADRAC,Gotov proizvod,Metalni
610,1229,LUXURY,LUXURY 180X200 baza + uzglavlje,1215,KREVET,Gotov proizvod,Metalni
611,1230,GOLD,GOLD 180X200 MADRAC,1216,MADRAC,Gotov proizvod,Metalni
612,1231,ALINA,ALINA 140X200 baza,1217,BAZA,Gotov proizvod,Drveni
613,1232,ALINA,ALINA 140X200 madrac,1218,MADRAC,Gotov proizvod,Drveni
614,1233,ATLAS,ATLAS 160X200 krevet,1219,KREVET,Gotov proizvod,Drveni
615,1234,GALILEO,GALILEO 120X200 baza,1220,BAZA,Gotov proizvod,Drveni
,1235,NOA,NOA 120X200 uzglavlje,1221,UZGLAVLJE,Gotov proizvod,Drveni
,1236,PALERMO,PALERMO M 180X200 krevet + madrac /,1222,KREVET+MADRAC,Gotov proizvod,Metalni
,1237,PALERMO,PALERMO 160X200 uzglavlje,1223,UZGLAVLJE,Gotov proizvod,Drveni
,1238,ALFA,ALFA 120X200 baza,1224,BAZA,Gotov proizvod,Drveni
,1239,ALFA,ALFA 120X200 madrac,1225,MADRAC,Gotov proizvod,Drveni
,1240,LORIS,LORIS 180X200 madrac,1226,MADRAC,Gotov proizvod,Drveni
,1241,ARES,ARES 160X200 uzglavlje,1227,UZGLAVLJE,Gotov proizvod,Metalni
,1243,GALIA,GALIA 160X200  D BAZA,1229,,Gotov proizvod,Drveni
,1247,BUBBLE,BUBBLE 160X200 BAZA + UZGLAVLJE,1233,KREVET,Gotov proizvod,Metalni
,1248,DEREAM,DREAM 160X200 BAZA + UZGLAVLJE,1234,KREVET,Gotov proizvod,Metalni
,1249,MILANO,MILANO 160X200 baza + uzglavlje,1235,KREVET,Gotov proizvod,Metalni
,1250,MILANO,MILANO 160X200 krevet + madrac,1236,KREVET+MADRAC,Gotov proizvod,Metalni
,1251,HELENA,HELENA 180X200 krevet + madrac,1237,KREVET+MADRAC,Gotov proizvod,Metalni
,1254,KRK,KRK 180X200 L+D NADSANDUK UNIJETI CIJENU,1240,,Gotov proizvod,Drveni
,1255,ARES,ARES 160X200 LIJEVA+DESNA BAZA /unijeti cijenu,1241,BAZA,Gotov proizvod,Metalni
,1256,BINGO,BINGO 160X200 madrac-unijeti cijenu,1242,MADRAC,Gotov proizvod,Drveni
,1257,KRK,KRK 180X200 D baza,1243,,Gotov proizvod,Drveni
,1258,ELBA,ELBA M 160x200 krevet + madrac,1244,KREVET+MADRAC,Gotov proizvod,Metalni
,1259,KRK,KRK M 160X200 krevet + madrac,1245,KREVET+MADRAC,Gotov proizvod,Metalni
,1260,AGRO,AGRO 90X200 krevet + madrac,1246,KREVET+MADRAC,Gotov proizvod,Drveni
,1262,SARAY,SARAY 180X200 baza + uzglavlje /,1248,KREVET,Gotov proizvod,Metalni
,1263,SARAY,SARAY 180X200 madrac /,1249,MADRAC,Gotov proizvod,Metalni
,1264,HELENA,HELENA 90X200 krevet+madrac unijeti cijenu,1250,KREVET+MADRAC,Gotov proizvod,Metalni
,1266,VENECIA,VENECIA 140X200 krevet + madrac-UNIJETI CIJENU,1252,KREVET+MADRAC,Gotov proizvod,Metalni
,1267,BARCELONA,BARCELONA 160X200 krevet + madrac UNIJETI CIJENU,1253,KREVET+MADRAC,Gotov proizvod,Metalni
,1276,NOVO,NOVO,1262,,Gotov proizvod,Drveni
,1282,WIND,WIND 160X200 baza + uzglavlje /,1268,KREVET,Gotov proizvod,Metalni
,1283,WIND,WIND 160X200 madrac /,1269,MADRAC,Gotov proizvod,Metalni
,1284,STORM,STORM 160X200 baza + uzglavlja /,1270,KREVET,Gotov proizvod,Metalni
,1285,STORM,STORM 160X200 madrac /,1271,MADRAC,Gotov proizvod,Metalni
,1286,GRAND,GRAND M 140X200 krevet + madrac,1272,KREVET+MADRAC,Gotov proizvod,Metalni
,1305,STORM,STORM PLUS 160X200 baza + uzglavlje /,1291,KREVET,Gotov proizvod,Metalni
,1306,STORM,STORM PLUS 180X200 baza + uzglavlje /,1292,KREVET,Gotov proizvod,Metalni
,1307,WIND,WIND 180X200 baza + uzglavlje /,1293,KREVET,Gotov proizvod,Metalni
,1308,WIND,WIND 180X200 madrac /,1294,MADRAC,Gotov proizvod,Metalni
,1313,RIXOS,RIXOS 160X200 UZGLAVLJE UNIJETI CIJENU,1299,UZGLAVLJE,Gotov proizvod,Drveni
,1314,STAR,STAR 160X200 baza + uzglavlje,1300,KREVET,Gotov proizvod,Metalni
,1315,GOLD,GOLD 160X200 madrac,1301,MADRAC,Gotov proizvod,Metalni
,1316,NORA,NORA 140X200 BAZA,1302,BAZA,Gotov proizvod,Metalni
,1317,NORA,NORA 140X200 MADRAC,1303,MADRAC,Gotov proizvod,Metalni
,1319,BINGO,BINGO 180X200 krevet + madrac,1305,KREVET+MADRAC,Gotov proizvod,Drveni
,1321,CARIBI,CARIBI 120X200 baza + uzglavlje UNIJETI CIJENU,1307,KREVET,Gotov proizvod,Metalni
,1322,CARIBI,CARIBI 120X200 madrac UNIJETI CIJENU,1308,MADRAC,Gotov proizvod,Metalni
,1323,ELBA,ELBA M 180X200 krevet + madrac UNIJETI CIJENU,1309,KREVET+MADRAC,Gotov proizvod,Metalni
,1324,NORMA,NORMA 160X200 krevet + madrac-NOVO,1310,KREVET+MADRAC,Gotov proizvod,Drveni
,1326,NORMA,NORMA 180X200 krevet + madrac-NOVO,1312,KREVET+MADRAC,Gotov proizvod,Drveni
,1327,MERLIN,MERLIN 90X200 krevet + madrac NOVO,1313,KREVET+MADRAC,Gotov proizvod,Drveni
,1328,Štepano,Štepano madrac platno VB 1,1314,,Gotov proizvod,Drveni
,1329,MERLIN,MERLIN 140X200 krevet + madrac NOVO,1315,KREVET+MADRAC,Gotov proizvod,Drveni
,1330,MERLIN,MERLIN 160X200 krevet + madrac NOVOŽ,1316,KREVET+MADRAC,Gotov proizvod,Drveni
,1332,SOUL,SOUL 160X200 krevet + madrac-NOVO,1318,KREVET+MADRAC,Gotov proizvod,Drveni
,1335,HYIPNOZE,HYPNOZE 160X200 krevet + madrac NOVO,1321,KREVET+MADRAC,Gotov proizvod,Drveni
,1337,KRK,KRK M 180X200 krevet + madrac,1323,KREVET+MADRAC,Gotov proizvod,Metalni
,1340,WIND,WIND PLUS 180x200 baza + uzglavlje /,1325,KREVET,Gotov proizvod,Drveni
,1344,WILL,WILL 160X200 krevet + madrac UNIJETI CIJENU,1328,KREVET+MADRAC,Gotov proizvod,Drveni
,1345,WIND,WIND PLUS 160X200 baza + uzglavlje /,1329,KREVET,Gotov proizvod,Drveni
,1346,BARI,BARI 160X200 krevet + madrac UNIJETI CIJENU,1330,KREVET+MADRAC,Gotov proizvod,Metalni
,1347,EASY,EASY 180X200 krevet + madrac UNIJETI CIJENU,1331,KREVET+MADRAC,Gotov proizvod,Drveni
,1348,NEVADA,NEVADA 160X200 baza+ uzglavlje /,1332,KREVET,Gotov proizvod,Metalni
,1357,MURSAN,MURSAN 120X200 krevat+madrac,1341,,Gotov proizvod,Metalni
,1358,MILANO,MILANO 180X200 krevet+madrac,1342,KREVET+MADRAC,Gotov proizvod,Metalni
,1362,MILANO,MILANO 180X200 baza + uzglavlje,1346,KREVET,Gotov proizvod,Metalni
,1363,MILANO,MILANO 180X200 madrac,1347,MADRAC,Gotov proizvod,Metalni
,1365,VERDI,VERDI 160X200 MADRAC,1349,MADRAC,Gotov proizvod,Metalni
,1367,BARCELONA,BARCELONA 90X200 krevet + madrac UNIJETI CIJENU,1351,KREVET+MADRAC,Gotov proizvod,Metalni
,1368,Štepano,Štepano madrac platno ZG 1,1352,,Gotov proizvod,Drveni
,1369,Štepano,Štepano madrac platno DK 1,1353,,Gotov proizvod,Drveni
,1370,BARI,BARI 160X200 baza + uzglavlje /,1354,KREVET,Gotov proizvod,Metalni
,1371,BARI,BARI 160X200 madrac /,1355,MADRAC,Gotov proizvod,Metalni
,1372,NEVADA,NEVADA 160X200 madrac /,1356,MADRAC,Gotov proizvod,Metalni
,1373,NEVADA,NEVADA 180X200 baza + uzglavlje /,1357,KREVET,Gotov proizvod,Metalni
,1374,NEVADA,NEVADA 180X200 madrac /,1358,MADRAC,Gotov proizvod,Metalni
,1375,STORM,STORM PLUS 160X200 madrac /,1359,MADRAC,Gotov proizvod,Metalni
,1376,WIND,WIND PLUS 160X200 madrac /,1360,MADRAC,Gotov proizvod,Drveni
,1377,Štepano,Štepano madrac platno VB 2,1361,,Gotov proizvod,Drveni
,1380,MILANO,MILANO 160X200 madrac,1364,MADRAC,Gotov proizvod,Metalni
,1381,MOON,MOON 120X200 baza+uzglavlje,1365,KREVET,Gotov proizvod,Metalni
,1382,MOON,MOON 120X200 madrac,1366,MADRAC,Gotov proizvod,Metalni
,1383,STAR,STAR 160X200 madrac,1367,MADRAC,Gotov proizvod,Metalni
,1384,STAR,STAR 180X200 baza+ uzglavlje,1368,KREVET,Gotov proizvod,Metalni
,1385,MURSAN,MURSAN 120X200 baza + uzglavlje,1369,KREVET,Gotov proizvod,Metalni
,1386,MURSAN,MURSAN 120X200 madrac,1370,MADRAC,Gotov proizvod,Metalni
,1387,GOLD,GOLD 160X200 baza + uzglavlje,1371,KREVET,Gotov proizvod,Metalni
,1388,BUBBLE,BUBBLE 140X200 BAZA + UZGLAVLJE,1372,KREVET,Gotov proizvod,Metalni
,1389,VERDI,VERDI 180X200 BAZA + UZGLAVLJE,1373,KREVET,Gotov proizvod,Metalni
,1390,MILANO,MILANO 180X200 madrac,1374,MADRAC,Gotov proizvod,Metalni
,1391,AGRO,AGRO M 160X200 krevet + madrac,1375,KREVET+MADRAC,Gotov proizvod,Drveni
,1393,ARES,ARES 120X200 baza + uzglavlje /,1377,KREVET,Gotov proizvod,Drveni
,1397,ELBA,ELBA M 160X200 krevet + madrac UNIJETI CIJENU,1381,KREVET+MADRAC,Gotov proizvod,Metalni
,1399,BARCELONA,BARCELONA 160X200 baza + uzglavlje UNIJETI CIJENU,1383,KREVET,Gotov proizvod,Metalni
,1400,BARCELONA,BARCELONA 180X200 krevet + madrac UNIJETI CIJENU,1384,KREVET+MADRAC,Gotov proizvod,Metalni
,1401,BARI,BARI 180X200 madrac /,1385,MADRAC,Gotov proizvod,Metalni
,1403,BARI,BARI 180X200 baza + uzglavlje /,1387,KREVET,Gotov proizvod,Metalni
,1404,EASY,EASY 160X200 krevet + madrac UNIJETI CIJENU,1388,KREVET+MADRAC,Gotov proizvod,Drveni
,1405,EASY,EASY 140X200 krevet + madrac UNIJETI CIJENU,1389,KREVET+MADRAC,Gotov proizvod,Drveni
,1407,HELENA,HELENA 160X90 krevet,1391,KREVET,Gotov proizvod,Metalni
,1408,HYIPNOZE,HYPNOZE 180X200 krevet + madrac NOVO,1392,KREVET+MADRAC,Gotov proizvod,Drveni
,1409,HYIPNOZE,HYPNOZE 140X200 krevet + madrac NOVO,1393,KREVET+MADRAC,Gotov proizvod,Drveni
,1410,KING,KING 140X200 krevet + madrac,1394,KREVET+MADRAC,Gotov proizvod,Drveni
,1411,KING,KING 160X200 krevet + madrac,1395,KREVET+MADRAC,Gotov proizvod,Drveni
,1413,TALIA,TALIA 160X200 krevet + madrac,1397,KREVET+MADRAC,Gotov proizvod,Drveni
,1414,VENECIA,VENECIA 160X200 krevet + madrac-UNIJETI CIJENU,1398,KREVET+MADRAC,Gotov proizvod,Metalni
,1416,NEVADA,NEVADA 200X200 baza + uzglavlje /,1400,KREVET,Gotov proizvod,Metalni
,1417,SMART,SMART 160X200 krevet 4 kocke,1401,KREVET,Gotov proizvod,Drveni
,1418,SOFIA,SOFIA 160X200 krevet,1402,KREVET,Gotov proizvod,Drveni
,1419,SILVER,SILVER 160X200 krevet + madrac,1403,KREVET+MADRAC,Gotov proizvod,Drveni
,1420,LINE,LINE 160X200 krevet,1404,KREVET,Gotov proizvod,Drveni
,1421,MADRAC,MADRAC 160X200 (NOVI PUNAC),1405,,Gotov proizvod,Drveni
,1423,SUR,SUR 160X200 madrac,1407,MADRAC,Gotov proizvod,Drveni
,1424,TRIESTE,TRIESTE 160X200 madrac,1408,MADRAC,Gotov proizvod,Drveni
,1426,LUXURY,LUXURY 160X200 madrac,1410,MADRAC,Gotov proizvod,Metalni
,1427,SUR,SUR 160X200 krevet + madrac,1411,KREVET+MADRAC,Gotov proizvod,Drveni
,1428,SUR,SUR 180X200 krevet,1412,KREVET,Gotov proizvod,Drveni
,1429,SUR,SUR 120X200 krevet,1413,KREVET,Gotov proizvod,Drveni
,1430,TRIESTE,TRIESTE 160X200 krevet + madrac,1414,KREVET+MADRAC,Gotov proizvod,Drveni
,1431,MILANO,MILANO 180X200 baza + uzglavlje,1415,KREVET,Gotov proizvod,Metalni
,1433,BARCELONA,BARCELONA 160X200 baza + uzglavlje,1417,KREVET,Gotov proizvod,Metalni
,1434,BARCELONA,BARCELONA 160X200 madrac,1418,MADRAC,Gotov proizvod,Metalni
,1435,BARCELONA,BARCELONA 180X200 baza + uzglavlje,1419,KREVET,Gotov proizvod,Metalni
,1436,BARCELONA,BARCELONA 180X200 madrac,1420,MADRAC,Gotov proizvod,Metalni
,1438,BARCELONA,BARCELONA 120X200 baza + uzglavlje/,1421,KREVET,Gotov proizvod,Metalni
,1443,VENECIA,VENECIA 120X200 krevet + madrac-UNIJETI CIJENU,1426,KREVET+MADRAC,Gotov proizvod,Metalni
,1444,NORD,NORD 160X200 krevet + madrac,1427,KREVET+MADRAC,Gotov proizvod,Drveni
,1445,Štepano,Štepano madrac platno VB 3,1428,,Gotov proizvod,Drveni
,1450,STORM,STORM 180X200 baza + uzglavlje /,1433,KREVET,Gotov proizvod,Metalni
,1452,LUIS,LUIS M 160x200 krevet + madrac UNIJETI CIJENU,1435,KREVET+MADRAC,Gotov proizvod,Drveni
,1454,ELBA,ELBA M 180X200 krevet + madrac,1437,KREVET+MADRAC,Gotov proizvod,Metalni
,1455,ŠTEPANO,ŠTEPANO UZGLAVLJE UZORAK 160X200 AURUM,1438,,Gotov proizvod,Drveni
,1456,STORM,STORM PLUS 180X200 madrac /,1439,MADRAC,Gotov proizvod,Metalni
,1457,STORM,STORM 180X200 madrac /,1440,MADRAC,Gotov proizvod,Metalni
,1458,WIND,WIND PLUS 180X200 madrac /,1441,MADRAC,Gotov proizvod,Drveni
,1459,EVA,EVA 90X200 K+M,1442,KREVET+MADRAC,Gotov proizvod,Metalni
,1460,VERONA,VERONA 140X200 K+M,1443,KREVET+MADRAC,Gotov proizvod,Metalni
,1461,HELENA,HELENA 90X200 krevet + madrac /,1444,KREVET+MADRAC,Gotov proizvod,Metalni
,1463,MERLIN,MERLIN 120X200 krevet + madrac NOVO,1446,KREVET+MADRAC,Gotov proizvod,Drveni
,1465,BARON,BARON 160X200 krevet + madrac,1448,KREVET+MADRAC,Gotov proizvod,Metalni
,1466,DOT,DOT 160X200 krevet + madrac,1449,KREVET+MADRAC,Gotov proizvod,Drveni
,1467,ZVIJEZDA,ZVIJEZDA 160X200 krevet + madrac,1450,KREVET+MADRAC,Gotov proizvod,Drveni
,1468,SAND,SAND 160X200 krevet + madrac,1451,KREVET+MADRAC,Gotov proizvod,Drveni
,1469,MISTERIO,MISTERIO 160X200 krevet + madrac,1452,KREVET+MADRAC,Gotov proizvod,Drveni
,1470,HELENA,HELENA 160X200 madrac,1453,MADRAC,Gotov proizvod,Metalni
,1474,MERLIN,MERLIN 180X200 krevet + madrac,1457,KREVET+MADRAC,Gotov proizvod,Drveni
,1476,ELBA,ELBA M 140x200 krevet + madrac,1459,KREVET+MADRAC,Gotov proizvod,Metalni
,1477,Madrac,Madrac Cirus Plus 180x200,1460,MADRAC,Gotov proizvod,Drveni
,1478,NORMA,NORMA 140x200 krevet + madrac,1461,KREVET+MADRAC,Gotov proizvod,Drveni