RADNI NALOG,93,DOO 26. OKTOBAR NOVI SAD,,,24.04.26,NOVI SAD,25.05.26,,,,,,,
Text149,Text373,txt4,Text523,Text375,Text370,Text575,Text372,Text374,Text536,Text602,Text545,Text599,Text601,Text558
1,,MOON 140X200 krevet + madrac | kom | 492,1,KREVET+MADRAC,Štof PERFECT HARMONY 01 | m,367, |  | ,,5/24/2026,,26932743,,,26932743
2,,VERONA 180X200 baza + uzglavlje | kom | 718,1,KREVET,Štof Today 03 | m,219, |  | ,,5/24/2026,,26932744,,,26932744
3,,CARMEN 160X200 baza + uzglavlje | kom | 1121,1,KREVET,Štof Today 13 | m,254, |  | ,,5/24/2026,,26932745,,,26932745
4,,CARMEN 160X200 madrac | kom | 1122,1,MADRAC,Štof Today 13 | m,254, |  | ,,5/24/2026,,26932746,,,26932746
5,,CARMEN 160X200 baza + uzglavlje | kom | 1121,1,KREVET,Štof Today 13 | m,254, |  | ,,5/24/2026,,26932747,,,26932747
6,,CARMEN 160X200 madrac | kom | 1122,1,MADRAC,Štof Today 13 | m,254, |  | ,,5/24/2026,,26932748,,,26932748
7,,CARMEN 160X200 baza + uzglavlje | kom | 1121,1,KREVET,Štof Today 13 | m,254, |  | ,,5/24/2026,,26932749,,,26932749
8,,CARMEN 160X200 madrac | kom | 1122,1,MADRAC,Štof Today 13 | m,254, |  | ,,5/24/2026,,26932750,,,26932750
9,,CARMEN 160X200 baza + uzglavlje | kom | 1121,1,KREVET,Štof Today 13 | m,254, |  | ,,5/24/2026,,26932751,,,26932751
10,,CARMEN 160X200 madrac | kom | 1122,1,MADRAC,Štof Today 13 | m,254, |  | ,,5/24/2026,,26932752,,,26932752
11,,CARMEN 160X200 baza + uzglavlje | kom | 1121,1,KREVET,Štof Today 13 | m,254, |  | ,,5/24/2026,,26932753,,,26932753
12,,CARMEN 160X200 madrac | kom | 1122,1,MADRAC,Štof Today 13 | m,254, |  | ,,5/24/2026,,26932754,,,26932754
13,,CARMEN 160X200 baza + uzglavlje | kom | 1121,1,KREVET,Štof Today 13 | m,254, |  | ,,5/24/2026,,26932755,,,26932755
14,,CARMEN 160X200 madrac | kom | 1122,1,MADRAC,Štof Today 13 | m,254, |  | ,,5/24/2026,,26932756,,,26932756
15,,CARMEN 160X200 baza + uzglavlje | kom | 1121,1,KREVET,Štof Today 13 | m,254, |  | ,,5/24/2026,,26932757,,,26932757
16,,CARMEN 160X200 madrac | kom | 1122,1,MADRAC,Štof Today 13 | m,254, |  | ,,5/24/2026,,26932758,,,26932758
17,,LUNA 160X200 baza + uzglavljeŠ7 | kom | 1117,1,KREVET,Štof MISTERIO 80 | m,983, |  | ,,5/24/2026,,26932759,,,26932759
18,,LUNA 160X200 madrac | kom | 1118,1,MADRAC,Štof MISTERIO 80 | m,983, |  | ,,5/24/2026,,26932760,,,26932760
19,,LUNA 160X200 baza + uzglavljeŠ7 | kom | 1117,1,KREVET,Štof MISTERIO 80 | m,983, |  | ,,5/24/2026,,26932761,,,26932761
20,,LUNA 160X200 madrac | kom | 1118,1,MADRAC,Štof MISTERIO 80 | m,983, |  | ,,5/24/2026,,26932762,,,26932762
21,,LUNA 160X200 baza + uzglavljeŠ7 | kom | 1117,1,KREVET,Štof MISTERIO 80 | m,983, |  | ,,5/24/2026,,26932763,,,26932763
22,,LUNA 160X200 madrac | kom | 1118,1,MADRAC,Štof MISTERIO 80 | m,983, |  | ,,5/24/2026,,26932764,,,26932764
23,,MOON 160X200 baza + uzglavlje | kom | 1125,1,KREVET,Štof PERFECT HARMONY 01 | m,367, |  | ,,5/24/2026,,26932765,,,26932765
24,,MOON 160X200 madrac | kom | 1126,1,MADRAC,Štof PERFECT HARMONY 01 | m,367, |  | ,,5/24/2026,,26932766,,,26932766
25,,MOON 160X200 baza + uzglavlje | kom | 1125,1,KREVET,Štof PERFECT HARMONY 01 | m,367, |  | ,,5/24/2026,,26932767,,,26932767
26,,MOON 160X200 madrac | kom | 1126,1,MADRAC,Štof PERFECT HARMONY 01 | m,367, |  | ,,5/24/2026,,26932768,,,26932768
27,,MOON 160X200 baza + uzglavlje | kom | 1125,1,KREVET,Štof PERFECT HARMONY 01 | m,367, |  | ,,5/24/2026,,26932769,,,26932769
28,,MOON 160X200 madrac | kom | 1126,1,MADRAC,Štof PERFECT HARMONY 01 | m,367, |  | ,,5/24/2026,,26932770,,,26932770
29,,EVA 160X200 baza + uzglavlje | kom | 1123,1,KREVET,Štof Riviera 16 | m,362, |  | ,,5/24/2026,,26932771,,,26932771
30,,EVA 160X200 madrac | kom | 1129,1,MADRAC,Štof Riviera 16 | m,362, |  | ,,5/24/2026,,26932772,,,26932772
31,,EVA 160X200 baza + uzglavlje | kom | 1123,1,KREVET,Štof Riviera 16 | m,362, |  | ,,5/24/2026,,26932773,,,26932773
32,,EVA 160X200 madrac | kom | 1129,1,MADRAC,Štof Riviera 16 | m,362, |  | ,,5/24/2026,,26932774,,,26932774
33,,EVA 160X200 baza + uzglavlje | kom | 1123,1,KREVET,Štof Riviera 16 | m,362, |  | ,,5/24/2026,,26932775,,,26932775
34,,EVA 160X200 madrac | kom | 1129,1,MADRAC,Štof Riviera 16 | m,362, |  | ,,5/24/2026,,26932776,,,26932776
35,,VERONA 160X200 baza + uzglavlje | kom | 1119,1,KREVET,Štof Today 03 | m,219, |  | ,,5/24/2026,,26932777,,,26932777
36,,VERONA 160x200 madrac | kom | 1120,1,MADRAC,Štof Today 03 | m,219, |  | ,,5/24/2026,,26932778,,,26932778
37,,VERONA 160X200 baza + uzglavlje | kom | 1119,1,KREVET,Štof Today 03 | m,219, |  | ,,5/24/2026,,26932779,,,26932779
38,,VERONA 160x200 madrac | kom | 1120,1,MADRAC,Štof Today 03 | m,219, |  | ,,5/24/2026,,26932780,,,26932780
39,,VERONA 160X200 baza + uzglavlje | kom | 1119,1,KREVET,Štof Today 03 | m,219, |  | ,,5/24/2026,,26932781,,,26932781
40,,VERONA 160x200 madrac | kom | 1120,1,MADRAC,Štof Today 03 | m,219, |  | ,,5/24/2026,,26932782,,,26932782
,,,40,,,,,,,,,,,