RADNI NALOG,,35,NEEA HOME d.o.o.,,17.03.26,Brčko,09.03.26,,,
,,RN,,,,,,,,
,,,,,,,,,,
RB,SERISKI BROJ,NAZIV,KOLICINA,SADRZAJ,STOF,NOGICE,NAPOMENA,DATUM UTOVARA,BAR KOD,
1,20936,BAREL 160X200 baza + uzglavlje / | kom | 641,1,BAZA+UZGLAVLJE,Štof Matt Velvet 08 | m | 217,|  |,,,2635786,2635786
2,20936,BAREL 160X200 madrac / | kom | 642,1,MADRAC,Štof Matt Velvet 08 | m | 217,|  |,,,2635787,2635787
3,20995,CARIBI 160X200 baza  + uzglavlje / | kom | 645,1,BAZA+UZGLAVLJE,Štof Today 03 | m | 219,|  |,,,2635788,2635788
4,20996,CARIBI 160X200 baza  + uzglavlje / | kom | 645,1,BAZA+UZGLAVLJE,Štof Today 03 | m | 219,|  |,,,2635790,2635790
5,20995,CARIBI 160X200 madrac / | kom | 646,1,MADRAC,Štof Today 03 | m | 219,|  |,,,2635789,2635789
6,20996,CARIBI 160X200 madrac / | kom | 646,1,MADRAC,Štof Today 03 | m | 219,|  |,,,2635791,2635791
7,20991,CLOUD 160X200 krevet + madrac | kom | 583,1,BAZA+UZGLAVLJE+MADRAC,Štof MISTERIO 04 | m | 519,|  |,,,2635798,2635798
8,20982,CLOUD 160X200 krevet + madrac | kom | 583,1,BAZA+UZGLAVLJE+MADRAC,Štof MISTERIO 04 | m | 519,|  |,,,2635795,2635795
9,20989,CLOUD 160X200 krevet + madrac | kom | 583,1,BAZA+UZGLAVLJE+MADRAC,Štof MISTERIO 04 | m | 519,|  |,,,2635796,2635796
10,20990,CLOUD 160X200 krevet + madrac | kom | 583,1,BAZA+UZGLAVLJE+MADRAC,Štof MISTERIO 04 | m | 519,|  |,,,2635797,2635797
11,20889,GALIA 160X200 krevet + madrac | kom | 321,1,BAZA+UZGLAVLJE+MADRAC,Štof Helena 79 | m | 611,|  |,,,2635807,2635807
12,20914,GALIA 160X200 krevet + madrac | kom | 321,1,BAZA+UZGLAVLJE+MADRAC,Štof Royal 27 (Helena 108) | m | 68,|  |,,,2635802,2635802
13,20876,GALIA 160X200 krevet + madrac | kom | 321,1,BAZA+UZGLAVLJE+MADRAC,Štof Royal 27 (Helena 108) | m | 68,|  |,,,2635801,2635801
14,20897,GALIA 180X200 krevet + madrac | kom | 322,1,BAZA+UZGLAVLJE+MADRAC,Štof Helena 79 | m | 611,|  |,,,2635808,2635808
15,20861,GALIA 180X200 krevet + madrac | kom | 322,1,BAZA+UZGLAVLJE+MADRAC,Štof Royal 27 (Helena 108) | m | 68,|  |,,,2635799,2635799
16,20867,HYPNOZE 160X200 krevet + madrac NOVO | kom | 1321,1,BAZA+UZGLAVLJE+MADRAC,Štof Matt Velvet 85 | m | 343,|  |,,,2635793,2635793
17,20784,NOA 90X200 krevet + madrac | kom | 136,1,BAZA+UZGLAVLJE+MADRAC,Štof Riviera 56 | m | 1322,|  |,,,2635794,2635794
18,21011,NORMA 160X200 krevet + madrac-NOVO | kom | 1310,1,baza+uzglavlje+madrac,Štof Puente 06 | m | 1145,|  |,,,26351328,26351328
19,20979,NORMA 160X200 krevet + madrac-NOVO | kom | 1310,1,baza+uzglavlje+madrac,Štof Puente 06 | m | 1145,|  |,,,26351340,26351340
20,20978,NORMA 160X200 krevet + madrac-NOVO | kom | 1310,1,baza+uzglavlje+madrac,Štof Puente 06 | m | 1145,|  |,,,26351339,26351339
21,20958,NORMA 160X200 krevet + madrac-NOVO | kom | 1310,1,baza+uzglavlje+madrac,Štof Puente 06 | m | 1145,|  |,,,26351338,26351338
22,20939,NORMA 160X200 krevet + madrac-NOVO | kom | 1310,1,baza+uzglavlje+madrac,Štof Puente 06 | m | 1145,|  |,,,26351337,26351337
23,20977,NORMA 160X200 krevet + madrac-NOVO | kom | 1310,1,baza+uzglavlje+madrac,Štof Puente 06 | m | 1145,|  |,,,26351336,26351336
24,20976,NORMA 160X200 krevet + madrac-NOVO | kom | 1310,1,baza+uzglavlje+madrac,Štof Puente 06 | m | 1145,|  |,,,26351335,26351335
25,20957,NORMA 160X200 krevet + madrac-NOVO | kom | 1310,1,baza+uzglavlje+madrac,Štof Puente 06 | m | 1145,|  |,,,26351334,26351334
26,20937,NORMA 160X200 krevet + madrac-NOVO | kom | 1310,1,baza+uzglavlje+madrac,Štof Puente 06 | m | 1145,|  |,,,26351333,26351333
27,20975,NORMA 160X200 krevet + madrac-NOVO | kom | 1310,1,baza+uzglavlje+madrac,Štof Puente 06 | m | 1145,|  |,,,26351332,26351332
28,21012,NORMA 160X200 krevet + madrac-NOVO | kom | 1310,1,baza+uzglavlje+madrac,Štof Puente 06 | m | 1145,|  |,,,26351331,26351331
29,20931,NORMA 160X200 krevet + madrac-NOVO | kom | 1310,1,BAZA+UZGLAVLJE+MADRAC,Štof Puente 06 | m | 1145,|  |,,,2635705,2635705
30,20933,NORMA 160X200 krevet + madrac-NOVO | kom | 1310,1,baza+uzglavlje+madrac,Štof Puente 06 | m | 1145,|  |,,,26351329,26351329
31,20971,NORMA 160X200 krevet + madrac-NOVO | kom | 1310,1,baza+uzglavlje+madrac,Štof Puente 06 | m | 1145,|  |,,,26351327,26351327
32,20955,NORMA 160X200 krevet + madrac-NOVO | kom | 1310,1,baza+uzglavlje+madrac,Štof Puente 06 | m | 1145,|  |,,,26351326,26351326
33,20931,NORMA 160X200 krevet + madrac-NOVO | kom | 1310,1,baza+uzglavlje+madrac,Štof Puente 06 | m | 1145,|  |,,,26351325,26351325
34,20970,NORMA 160X200 krevet + madrac-NOVO | kom | 1310,1,baza+uzglavlje+madrac,Štof Puente 06 | m | 1145,|  |,,,26351323,26351323
35,20940,NORMA 160X200 krevet + madrac-NOVO | kom | 1310,1,baza+uzglavlje+madrac,Štof Puente 06 | m | 1145,|  |,,,26351341,26351341
36,20932,NORMA 160X200 krevet + madrac-NOVO | kom | 1310,1,BAZA+UZGLAVLJE+MADRAC,Štof Puente 06 | m | 1145,|  |,,,2635707,2635707
37,21010,NORMA 160X200 krevet + madrac-NOVO | kom | 1310,1,baza+uzglavlje+madrac,Štof Puente 06 | m | 1145,|  |,,,26351324,26351324
38,20937,NORMA 160X200 krevet + madrac-NOVO | kom | 1310,1,BAZA+UZGLAVLJE+MADRAC,Štof Puente 06 | m | 1145,|  |,,,2635714,2635714
39,20953,NORMA 160X200 krevet + madrac-NOVO | kom | 1310,1,baza+uzglavlje+madrac,Štof Puente 06 | m | 1145,|  |,,,2635767,2635767
40,20956,NORMA 160X200 krevet + madrac-NOVO | kom | 1310,1,baza+uzglavlje+madrac,Štof Puente 06 | m | 1145,|  |,,,26351330,26351330
41,21007,NORMA 160X200 krevet + madrac-NOVO | kom | 1310,1,baza+uzglavlje+madrac,Štof Puente 06 | m | 1145,|  |,,,26351356,26351356
42,20959,NORMA 160X200 krevet + madrac-NOVO | kom | 1310,1,baza+uzglavlje+madrac,Štof Puente 06 | m | 1145,|  |,,,26351342,26351342
43,21009,NORMA 160X200 krevet + madrac-NOVO | kom | 1310,1,baza+uzglavlje+madrac,Štof Puente 06 | m | 1145,|  |,,,26351360,26351360
44,21008,NORMA 160X200 krevet + madrac-NOVO | kom | 1310,1,baza+uzglavlje+madrac,Štof Puente 06 | m | 1145,|  |,,,26351359,26351359
45,20949,NORMA 160X200 krevet + madrac-NOVO | kom | 1310,1,baza+uzglavlje+madrac,Štof Puente 06 | m | 1145,|  |,,,26351357,26351357
46,21006,NORMA 160X200 krevet + madrac-NOVO | kom | 1310,1,baza+uzglavlje+madrac,Štof Puente 06 | m | 1145,|  |,,,26351355,26351355
47,20962,NORMA 160X200 krevet + madrac-NOVO | kom | 1310,1,baza+uzglavlje+madrac,Štof Puente 06 | m | 1145,|  |,,,26351354,26351354
48,20947,NORMA 160X200 krevet + madrac-NOVO | kom | 1310,1,baza+uzglavlje+madrac,Štof Puente 06 | m | 1145,|  |,,,26351353,26351353
49,21005,NORMA 160X200 krevet + madrac-NOVO | kom | 1310,1,baza+uzglavlje+madrac,Štof Puente 06 | m | 1145,|  |,,,26351352,26351352
50,20986,NORMA 160X200 krevet + madrac-NOVO | kom | 1310,1,baza+uzglavlje+madrac,Štof Puente 06 | m | 1145,|  |,,,26351344,26351344
51,20961,NORMA 160X200 krevet + madrac-NOVO | kom | 1310,1,baza+uzglavlje+madrac,Štof Puente 06 | m | 1145,|  |,,,26351350,26351350
52,20946,NORMA 160X200 krevet + madrac-NOVO | kom | 1310,1,baza+uzglavlje+madrac,Štof Puente 06 | m | 1145,|  |,,,26351349,26351349
53,20997,NORMA 160X200 krevet + madrac-NOVO | kom | 1310,1,baza+uzglavlje+madrac,Štof Puente 06 | m | 1145,|  |,,,26351348,26351348
54,20992,NORMA 160X200 krevet + madrac-NOVO | kom | 1310,1,baza+uzglavlje+madrac,Štof Puente 06 | m | 1145,|  |,,,26351347,26351347
55,20960,NORMA 160X200 krevet + madrac-NOVO | kom | 1310,1,baza+uzglavlje+madrac,Štof Puente 06 | m | 1145,|  |,,,26351346,26351346
56,20944,NORMA 160X200 krevet + madrac-NOVO | kom | 1310,1,baza+uzglavlje+madrac,Štof Puente 06 | m | 1145,|  |,,,26351345,26351345
57,20999,NORMA 160X200 krevet + madrac-NOVO | kom | 1310,1,baza+uzglavlje+madrac,Štof Puente 06 | m | 1145,|  |,,,26351351,26351351
58,20969,NORMA 160X200 krevet + madrac-NOVO | kom | 1310,1,baza+uzglavlje+madrac,Štof Puente 06 | m | 1145,|  |,,,26351358,26351358
59,20983,NORMA 160X200 krevet + madrac-NOVO | kom | 1310,1,baza+uzglavlje+madrac,Štof Puente 06 | m | 1145,|  |,,,26351343,26351343
60,20942,NORMA 180X200 krevet + madrac-NOVO | kom | 1312,1,BAZA+UZGLAVLJE+MADRAC,Štof Puente 06 | m | 1145,|  |,,,26351380,26351380
61,20968,NORMA 180X200 krevet + madrac-NOVO | kom | 1312,1,BAZA+UZGLAVLJE+MADRAC,Štof Puente 06 | m | 1145,|  |,,,26351370,26351370
62,20972,NORMA 180X200 krevet + madrac-NOVO | kom | 1312,1,BAZA+UZGLAVLJE+MADRAC,Štof Puente 06 | m | 1145,|  |,,,26351369,26351369
63,20973,NORMA 180X200 krevet + madrac-NOVO | kom | 1312,1,BAZA+UZGLAVLJE+MADRAC,Štof Puente 06 | m | 1145,|  |,,,26351368,26351368
64,20976,NORMA 180X200 krevet + madrac-NOVO | kom | 1312,1,BAZA+UZGLAVLJE+MADRAC,Štof Puente 06 | m | 1145,|  |,,,26351367,26351367
65,20980,NORMA 180X200 krevet + madrac-NOVO | kom | 1312,1,BAZA+UZGLAVLJE+MADRAC,Štof Puente 06 | m | 1145,|  |,,,26351366,26351366
66,20945,NORMA 180X200 krevet + madrac-NOVO | kom | 1312,1,BAZA+UZGLAVLJE+MADRAC,Štof Puente 06 | m | 1145,|  |,,,26351379,26351379
67,20984,NORMA 180X200 krevet + madrac-NOVO | kom | 1312,1,BAZA+UZGLAVLJE+MADRAC,Štof Puente 06 | m | 1145,|  |,,,26351364,26351364
68,20993,NORMA 180X200 krevet + madrac-NOVO | kom | 1312,1,BAZA+UZGLAVLJE+MADRAC,Štof Puente 06 | m | 1145,|  |,,,26351362,26351362
69,21000,NORMA 180X200 krevet + madrac-NOVO | kom | 1312,1,BAZA+UZGLAVLJE+MADRAC,Štof Puente 06 | m | 1145,|  |,,,2635712,2635712
70,20950,NORMA 180X200 krevet + madrac-NOVO | kom | 1312,1,BAZA+UZGLAVLJE+MADRAC,Štof Puente 06 | m | 1145,|  |,,,26351378,26351378
71,20981,NORMA 180X200 krevet + madrac-NOVO | kom | 1312,1,BAZA+UZGLAVLJE+MADRAC,Štof Puente 06 | m | 1145,|  |,,,26351365,26351365
72,20934,NORMA 180X200 krevet + madrac-NOVO | kom | 1312,1,BAZA+UZGLAVLJE +MADRAC,Štof Puente 06 | m | 1145,|  |,,,2635710,2635710
73,20941,NORMA 180X200 krevet + madrac-NOVO | kom | 1312,1,BAZA+UZGLAVLJE+MADRAC,Štof Puente 06 | m | 1145,|  |,,,26351381,26351381
74,20967,NORMA 180X200 krevet + madrac-NOVO | kom | 1312,1,BAZA+UZGLAVLJE+MADRAC,Štof Puente 06 | m | 1145,|  |,,,26351371,26351371
75,20966,NORMA 180X200 krevet + madrac-NOVO | kom | 1312,1,BAZA+UZGLAVLJE+MADRAC,Štof Puente 06 | m | 1145,|  |,,,26351372,26351372
76,20965,NORMA 180X200 krevet + madrac-NOVO | kom | 1312,1,BAZA+UZGLAVLJE+MADRAC,Štof Puente 06 | m | 1145,|  |,,,26351373,26351373
77,20964,NORMA 180X200 krevet + madrac-NOVO | kom | 1312,1,BAZA+UZGLAVLJE+MADRAC,Štof Puente 06 | m | 1145,|  |,,,26351374,26351374
78,20963,NORMA 180X200 krevet + madrac-NOVO | kom | 1312,1,BAZA+UZGLAVLJE+MADRAC,Štof Puente 06 | m | 1145,|  |,,,26351375,26351375
79,20987,NORMA 180X200 krevet + madrac-NOVO | kom | 1312,1,BAZA+UZGLAVLJE+MADRAC,Štof Puente 06 | m | 1145,|  |,,,26351363,26351363
80,20951,NORMA 180X200 krevet + madrac-NOVO | kom | 1312,1,BAZA+UZGLAVLJE+MADRAC,Štof Puente 06 | m | 1145,|  |,,,26351377,26351377
81,20938,NORMA 180X200 krevet + madrac-NOVO | kom | 1312,1,BAZA+UZGLAVLJE+MADRAC,Štof Puente 06 | m | 1145,|  |,,,2635715,2635715
82,20998,NORMA 180X200 krevet + madrac-NOVO | kom | 1312,1,BAZA+UZGLAVLJE+MADRAC,Štof Puente 06 | m | 1145,|  |,,,26351361,26351361
83,20934,NORMA 180X200 krevet + madrac-NOVO | kom | 1312,1,BAZA+UZGLAVLJE+MADRAC,Štof Puente 06 | m | 1145,|  |,,,26351382,26351382
84,20954,NORMA 180X200 krevet + madrac-NOVO | kom | 1312,1,BAZA+UZGLAVLJE+MADRAC,Štof Puente 06 | m | 1145,|  |,,,26351376,26351376
85,20929,SOUL 160X200 krevet + madrac-NOVO | kom | 1318,1,BAZA+UZGLAVLJE+MADRAC,Štof Cosmic 126 | m | 1319,|  |,,,2635778,2635778
86,20924,ALINA 180X200 krevet + madrac | kom | 157,1,BAZA+UZGLAVLJE+MADRAC,Štof Preston 23 | m | 287,|  |,,3/24/2026,2635783,2635783
87,20807,ALINA 180X200 krevet + madrac | kom | 157,1,BAZA+UZGLAVLJE+MADRAC,Štof Matt Velvet 85 | m | 343,|  |,,3/24/2026,2635782,2635782
88,20866,ATLAS 180X200 krevet + madrac | kom | 561,1,BAZA+UZGLAVLJE+MADRAC,Štof Matt Velvet 06 | m | 218,|  |,,3/24/2026,2635784,2635784
89,20848,BARCELONA 160X200 krevet + madrac UNIJETI CIJENU | kom | 1253,1,BAZA+UZGLAVLJE+MADRAC,Štof Matt Velvet 34 | m | 750,|  |,,3/24/2026,2635785,2635785
90,21001,MOON M 160X200 krevet + madrac / | kom | 763,1,BAZA+UZGLAVLJE+MADRAC,Štof OVERTHEHORIZONT 85 | m | 1320,|  |,,3/24/2026,2635792,2635792
91,20822,TAXIM 180X200 krevet + madrac | kom | 138,1,BAZA+UZGLAVLJE+MADRAC,Štof Preston 23 | m | 287,|  |,,3/24/2026,2635780,2635780
92,20815,GALIA 180X200 krevet + madrac | kom | 322,1,BAZA+UZGLAVLJE+MADRAC,Štof Riviera 91 (Helena 121) | m | 111,|  |,,3/27/2026,2635803,2635803
93,20898,SOUL 160X200 krevet + madrac-NOVO | kom | 1318,1,BAZA+UZGLAVLJE+MADRAC,Štof Cosmic 126 | m | 1319,|  |,,3/27/2026,2635774,2635774
94,20875,GALIA 160X200 krevet + madrac | kom | 321,1,BAZA+UZGLAVLJE+MADRAC,Štof Royal 27 (Helena 108) | m | 68,|  |,,3/28/2026,2635800,2635800
95,20813,GALIA 180X200 krevet + madrac | kom | 322,1,BAZA+UZGLAVLJE+MADRAC,Štof Helena 79 | m | 611,|  |,,3/28/2026,2635806,2635806
96,20709,STORM PLUS 160X200 baza + uzglavlje / | kom | 1291,1,BAZA+UZGLAVLJE+MADRAC,Štof QUELLE 03 | m | 1070,|  |,,3/28/2026,26351313,26351313
97,20685,STORM PLUS 160X200 baza + uzglavlje / | kom | 1291,1,BAZA+UZGLAVLJE+MADRAC,Štof QUELLE 03 | m | 1070,|  |,,3/28/2026,26351315,26351315
98,20710,STORM PLUS 160X200 baza + uzglavlje / | kom | 1291,1,BAZA+UZGLAVLJE+MADRAC,Štof QUELLE 03 | m | 1070,|  |,,3/28/2026,26351314,26351314
99,20711,STORM PLUS 180X200 krevet + madrac UNIJETI CIJENU | kom | 1292,1,BAZA+UZGLAVLJE+MADRAC,Štof QUELLE 03 | m | 1070,|  |,,3/28/2026,26351316,26351316
100,20712,WIND 160X200 baza + uzglavlje / | kom | 1268,1,BAZA+UZGLAVLJE+MADRAC,Štof QUELLE 01 | m | 1263,|  |,,3/28/2026,26351321,26351321
101,20713,WIND 160X200 baza + uzglavlje / | kom | 1268,1,BAZA+UZGLAVLJE+MADRAC,Štof QUELLE 01 | m | 1263,|  |,,3/28/2026,26351320,26351320
102,20684,WIND 180X200 baza + uzglavlje UNIJETI CIJENU | kom | 1293,1,BAZA+UZGLAVLJE+MADRAC,Štof QUELLE 01 | m | 1263,|  |,,3/28/2026,26351317,26351317
103,20715,WIND 180X200 baza + uzglavlje UNIJETI CIJENU | kom | 1293,1,BAZA+UZGLAVLJE+MADRAC,Štof QUELLE 01 | m | 1263,|  |,,3/28/2026,26351318,26351318
104,20714,WIND 180X200 baza + uzglavlje UNIJETI CIJENU | kom | 1293,1,BAZA+UZGLAVLJE+MADRAC,Štof QUELLE 01 | m | 1263,|  |,,3/28/2026,26351319,26351319
105,20803,GALIA 160X200 krevet + madrac | kom | 321,1,BAZA+UZGLAVLJE+MADRAC,Štof Helena 135 | m | 82,|  |,,3/30/2026,2635804,2635804
106,20804,GALIA 160X200 krevet + madrac | kom | 321,1,BAZA+UZGLAVLJE+MADRAC,Štof Helena 135 | m | 82,|  |,,3/30/2026,2635805,2635805
107,20905,GALIA 180X200 krevet + madrac | kom | 322,1,BAZA+UZGLAVLJE+MADRAC,Štof Helena 79 | m | 611,|  |,,3/30/2026,2635810,2635810
108,20904,GALIA 180X200 krevet + madrac | kom | 322,1,BAZA+UZGLAVLJE+MADRAC,Štof Helena 79 | m | 611,|  |,,3/30/2026,2635809,2635809
109,20730,STORM PLUS 160X200 baza + uzglavlje / | kom | 1291,1,BAZA+UZGLAVLJE+MADRAC,Štof QUELLE 03 | m | 1070,|  |,,3/30/2026,26351206,26351206
110,20731,STORM PLUS 160X200 baza + uzglavlje / | kom | 1291,1,BAZA+UZGLAVLJE+MADRAC,Štof QUELLE 03 | m | 1070,|  |,,3/30/2026,26351205,26351205
111,20729,STORM PLUS 160X200 baza + uzglavlje / | kom | 1291,1,BAZA+UZGLAVLJE+MADRAC,Štof QUELLE 03 | m | 1070,|  |,,3/30/2026,26351207,26351207
112,20691,STORM PLUS 160X200 baza + uzglavlje / | kom | 1291,1,BAZA+UZGLAVLJE+MADRAC,Štof QUELLE 03 | m | 1070,|  |,,3/30/2026,26351204,26351204
113,20733,STORM PLUS 180X200 krevet + madrac UNIJETI CIJENU | kom | 1292,1,BAZA+UZGLAVLJE+MADRAC,Štof QUELLE 03 | m | 1070,|  |,,3/30/2026,26351203,26351203
114,20732,STORM PLUS 180X200 krevet + madrac UNIJETI CIJENU | kom | 1292,1,BAZA+UZGLAVLJE+MADRAC,Štof QUELLE 03 | m | 1070,|  |,,3/30/2026,26351202,26351202
115,20734,WIND 160X200 baza + uzglavlje / | kom | 1268,1,BAZA+UZGLAVLJE+MADRAC,Štof QUELLE 01 | m | 1263,|  |,,3/30/2026,26351211,26351211
116,20735,WIND 160X200 baza + uzglavlje / | kom | 1268,1,BAZA+UZGLAVLJE+MADRAC,Štof QUELLE 01 | m | 1263,|  |,,3/30/2026,26351212,26351212
117,20736,WIND 180X200 baza + uzglavlje UNIJETI CIJENU | kom | 1293,1,BAZA+UZGLAVLJE+MADRAC,Štof QUELLE 01 | m | 1263,|  |,,3/30/2026,26351208,26351208
118,20737,WIND 180X200 baza + uzglavlje UNIJETI CIJENU | kom | 1293,1,BAZA+UZGLAVLJE+MADRAC,Štof QUELLE 01 | m | 1263,|  |,,3/30/2026,26351209,26351209
119,20690,WIND 180X200 baza + uzglavlje UNIJETI CIJENU | kom | 1293,1,BAZA+UZGLAVLJE+MADRAC,Štof QUELLE 01 | m | 1263,|  |,,3/30/2026,26351210,26351210